# Frequency - Magnitude - Phase - Real part - Imaginary part
-99800.00252116012 6.263947822644568e-10 -2.4566394952500374 -4.85110613346329e-07 -3.9628035034162956e-07
-99600.00251610769 5.821216713013148e-10 0.36883797634950194 5.429721969818502e-07 2.0987337492721359e-07
-99400.00251105527 2.585944232297431e-10 1.600368520683812 -7.646089872359596e-09 2.584813591638424e-07
-99200.00250600284 3.2699619443149574e-10 3.1228545559127596 -3.2693878926348674e-07 6.12692807253068e-09
-99000.00250095042 4.546506767739089e-10 -0.31004702253002503 4.3297257978913706e-07 -1.3871547513422122e-07
-98800.00249589799 5.387918920719869e-10 0.8768275329440323 3.446075643731561e-07 4.141766887927334e-07
-98600.00249084557 2.1043335416935251e-10 -0.5282277904480019 1.8175163019051865e-07 -1.0605914137901129e-07
-98400.00248579314 5.236762158474599e-10 2.1670039291323913 -2.940486043545576e-07 4.3332689429742555e-07
-98200.00248074072 1.1553326966273613e-09 0.6405662969342237 9.262965844358817e-07 6.904840892871245e-07
-98000.00247568829 2.2163902973647441e-10 0.833265523787414 1.490439213158723e-07 1.6404197335229131e-07
-97800.00247063587 9.506952684697513e-10 -3.1174694012495214 -9.504186622155686e-07 -2.2931637602696675e-08
-97600.00246558344 4.026788745717124e-10 0.24101617637897624 3.9103981441801494e-07 9.611524107167035e-08
-97400.00246053102 1.5632622121734334e-10 -1.3699900244295287 3.118074931585113e-08 -1.5318501334071755e-07
-97200.00245547859 7.111231574940574e-10 -0.3985873506550643 6.553783457041717e-07 -2.7599885707441096e-07
-97000.00245042617 8.574719083934281e-10 -1.8728121150972374 -2.5505104139789125e-07 -8.186617372063498e-07
-96800.00244537374 1.0445243373271413e-09 2.568951891940227 -8.778945050913478e-07 5.659790890122363e-07
-96600.00244032132 9.806675152903996e-10 0.7796565726509395 6.974066278919722e-07 6.894438127347247e-07
-96400.00243526889 5.57686409745853e-10 2.915996424429643 -5.435551443389031e-07 1.2474749166990762e-07
-96200.00243021647 5.311141744963143e-10 1.6192139186557353 -2.5705223283267742e-08 5.3049176039488e-07
-96000.00242516404 3.107429037274848e-10 2.476835087180123 -2.445752854685068e-07 1.9168745904463158e-07
-95800.00242011162 7.283161197993774e-10 -3.0200961786502707 -7.229472486214306e-07 -8.827030117952717e-08
-95600.00241505919 6.412628302312897e-10 -1.1283142121450025 2.7457838625011277e-07 -5.795038630074245e-07
-95400.00241000677 5.123899303433374e-10 1.8871707541366725 -1.5941628139781727e-07 4.869598442813761e-07
-95200.00240495434 2.1984787736240427e-10 1.058797378808201 1.0770805702886577e-07 1.9165610773419495e-07
-95000.00239990192 6.198688115302507e-10 -0.16630714623484172 6.113163643073349e-07 -1.0261406452327648e-07
-94800.00239484949 4.598413086362919e-10 -2.97065077871595 -4.531391128992368e-07 -7.822386777212031e-08
-94600.00238979707 1.0970854134107696e-10 3.0820736266673743 -1.0951427664718238e-07 6.525891022013397e-09
-94400.00238474464 4.731960819294074e-10 2.978697128284108 -4.6693183441970376e-07 7.67410839042082e-08
-94200.00237969222 3.2450906389214167e-10 1.8854129700903361 -1.0041996401088937e-07 3.085805622138338e-07
-94000.0023746398 1.1056836460458283e-09 -0.7261949014181923 8.267268560846475e-07 -7.342063950699362e-07
-93800.00236958737 7.995685774332211e-10 -2.508479902646146 -6.446039801932812e-07 -4.730704162569932e-07
-93600.00236453494 3.121128025985043e-10 -0.25050933712208046 3.023706022231565e-07 -7.73719616986579e-08
-93400.00235948252 8.749708243366819e-10 -0.9711385191005131 4.937985491615393e-07 -7.223135996825558e-07
-93200.0023544301 6.3104283938515e-10 2.2594711718667346 -4.0103693965676257e-07 4.872211388784464e-07
-93000.00234937767 6.949493629818299e-10 -2.207096628739645 -4.129554852516648e-07 -5.589475684797396e-07
-92800.00234432524 1.3969541314061084e-09 0.29280167623645464 1.3374983249825334e-06 4.0321095709505705e-07
-92600.00233927282 6.582301840263845e-10 0.9776289680718989 3.6794416624630344e-07 5.457875646153187e-07
-92400.0023342204 2.2806565745182553e-10 1.9723453153012802 -8.91382277989905e-08 2.0992455895818551e-07
-92200.00232916797 3.9036515593570045e-10 2.318628747878231 -2.6546827969209374e-07 2.8620193473494204e-07
-92000.00232411554 4.664411940149981e-10 2.0074015294666046 -1.972419204632203e-07 4.2268547678636637e-07
-91800.00231906312 9.615245034382263e-10 0.9299921440356884 5.748380781378515e-07 7.70772699720812e-07
-91600.0023140107 8.097683036646728e-10 2.596670088048575 -6.924874804692394e-07 4.197449166021272e-07
-91400.00230895827 5.207850523537078e-10 0.8901175201159934 3.2774081404340905e-07 4.0472586965156765e-07
-91200.00230390584 3.540706367814756e-10 -0.12424000292437383 3.5134150744298154e-07 -4.387665641925054e-08
-91000.00229885342 6.05018577508239e-10 -1.2144802219626336 2.1104506375824172e-07 -5.67016278596455e-07
-90800.002293801 4.296158617813565e-10 -0.9052676429612164 2.652770871858223e-07 -3.379317323193298e-07
-90600.00228874857 9.19113012187424e-10 -0.5578330983893154 7.79779293136329e-07 -4.86531584964478e-07
-90400.00228369614 3.8448071992984883e-10 0.49260341937959706 3.387677437460823e-07 1.8182915001441202e-07
-90200.00227864372 5.283503081681052e-10 0.8823475661908683 3.356821004496524e-07 4.0800928369222333e-07
-90000.0022735913 4.115639587627623e-10 1.483597640506945 3.5842374290773193e-08 4.100002638507405e-07
-89800.00226853887 3.9334683326951366e-10 0.7740927928425201 2.812648273176066e-07 2.749760501519205e-07
-89600.00226348644 3.979405694189352e-10 -2.044585233219782 -1.815648000835779e-07 -3.541058036238276e-07
-89400.00225843402 6.545725100331742e-10 -0.3272201242358325 6.198405564372678e-07 -2.1038739383971716e-07
-89200.0022533816 3.3628419623215033e-10 0.18233432128187327 3.3070964677861525e-07 6.097696420015453e-08
-89000.00224832917 5.294874185912068e-10 2.40261264122937 -3.913737705030229e-07 3.5662795488944354e-07
-88800.00224327674 1.74023674652965e-10 -1.4798305926473614 1.580836850312295e-08 -1.7330416851590869e-07
-88600.00223822432 3.0570761340091465e-10 -0.07434410767125058 3.048631723734374e-07 -2.2706629465574224e-08
-88400.0022331719 4.272073086340448e-10 2.3144677265856504 -2.892170301027619e-07 3.144194555826374e-07
-88200.00222811947 1.9066918120907146e-10 -2.8862642593425263 -1.84487764065544e-07 -4.815601284402504e-08
-88000.00222306704 4.089169335569918e-10 -1.48393384675635 3.5474889470421545e-08 -4.0737524564793404e-07
-87800.00221801462 5.430786021515862e-10 1.736827618253636 -8.975434440117169e-08 5.356104235132442e-07
-87600.0022129622 5.051111584756954e-10 -1.2726704366142532 1.483659385348446e-07 -4.82830022574543e-07
-87400.00220790977 4.700396363536242e-10 1.258003531388765 1.4463924136176587e-07 4.472323217319385e-07
-87200.00220285734 7.714426842241594e-10 -1.5299239229272181 3.152193872590914e-08 -7.707984058247241e-07
-87000.00219780492 3.533599609565246e-10 -2.8626559137312144 -3.397021507423048e-07 -9.729188449325576e-08
-86800.0021927525 2.6267076356646155e-10 -1.8226618768137364 -6.546046527056149e-08 -2.543832886003905e-07
-86600.00218770007 4.004527373287406e-10 2.1320232766288876 -2.1313109321852153e-07 3.390243825118766e-07
-86400.00218264764 8.17041255926851e-10 -0.08798809774156406 8.138805678292726e-07 -7.179718097827248e-08
-86200.00217759522 5.202721235304212e-10 -1.5388996841040927 1.6592120233305252e-08 -5.200074846278824e-07
-86000.0021725428 4.1340097898079697e-10 2.2018183863015093 -2.438943005333982e-07 3.3379026287416735e-07
-85800.00216749037 1.5826111489402103e-10 0.9727906056755748 8.91002800429419e-08 1.3079648536473698e-07
-85600.00216243794 4.855213330667868e-10 1.1514511403893473 1.9768606163150793e-07 4.434537020925333e-07
-85400.00215738552 4.5576107804530267e-10 1.9786176269244302 -1.807595162439668e-07 4.183827883030844e-07
-85200.0021523331 8.308182170257692e-10 2.1719875873877026 -4.69931771940324e-07 6.851445391031774e-07
-85000.00214728067 4.907494964339752e-10 1.6045796597120672 -1.6576000128054602e-08 4.904694735352599e-07
-84800.00214222824 6.600903540040326e-10 0.2979085162563107 6.310150075794496e-07 1.9375070492433366e-07
-84600.00213717582 6.719127110564316e-10 -0.9060509537256989 4.144752300261345e-07 -5.288449441698262e-07
-84400.0021321234 4.236057252687816e-10 0.4586266101824761 3.798308882974055e-07 1.8753748098898626e-07
-84200.00212707097 4.717104781579798e-10 2.797554587993247 -4.4406840460364805e-07 1.5910382533679268e-07
-84000.00212201854 9.595968936682615e-10 -0.7405342102112786 7.08286376105427e-07 -6.474230516140267e-07
-83800.00211696612 1.0081430078527472e-09 1.5378157115494069 3.3243149344386325e-08 1.007594768398512e-06
-83600.0021119137 5.2921099577229784e-11 -1.1914028911692505 1.9599705303186e-08 -4.9157851178538436e-08
-83400.00210686127 5.057612959731651e-10 -0.8357015566149268 3.3919258413117603e-07 -3.7515713957603225e-07
-83200.00210180884 7.359967112605977e-10 -0.23788254931418396 7.152703965784823e-07 -1.734341914527704e-07
-83000.00209675642 3.546329346709101e-10 -0.827349717916787 2.4002589493754556e-07 -2.6105954897825967e-07
-82800.002091704 7.038409130660247e-10 -0.5612199834773283 5.958762513413873e-07 -3.7459781632165345e-07
-82600.00208665157 3.935164235727209e-10 -1.751069624366385 -7.055688433510454e-08 -3.8713938277368243e-07
-82400.00208159914 3.217376598535664e-10 2.517661880237199 -2.611185067058486e-07 1.8796874001747454e-07
-82200.00207654672 3.9198746350694854e-10 -1.8216539479078266 -9.73049405494919e-08 -3.797182114295694e-07
-82000.0020714943 3.1975428892923805e-10 -2.210816175006867 -1.9096089420855833e-07 -2.5646976853366255e-07
-81800.00206644187 5.298556976021119e-10 -1.0807376671455604 2.493912317769187e-07 -4.674944639182499e-07
-81600.00206138944 6.517383989072696e-10 -0.4986977016712627 5.723606848473395e-07 -3.1171491310377775e-07
-81400.00205633702 4.804266537497322e-10 -2.3430319354549978 -3.3521215592191567e-07 -3.4415487815131485e-07
-81200.0020512846 3.340728549401876e-10 2.901974664410953 -3.245279621699737e-07 7.928602763218606e-08
-81000.00204623217 5.690410121226139e-10 -2.227190150066979 -3.4726525555139887e-07 -4.5079320731833405e-07
-80800.00204117974 8.075188847535529e-10 0.3413659185679825 7.609236480909942e-07 2.703367363299236e-07
-80600.00203612732 3.7116994484472743e-10 -2.967909154290446 -3.65585655526246e-07 -6.414246978003746e-08
-80400.0020310749 2.981597075642973e-10 2.734980294547909 -2.7384952505649096e-07 1.1792221521478297e-07
-80200.00202602247 2.1987850649189034e-10 -0.26058938443077434 2.1245503234457175e-07 -5.665171531887836e-08
-80000.00202097005 5.650410995032966e-10 -1.7219092975745374 -8.506044690825831e-08 -5.586019732328751e-07
-79800.0020159176 2.520202803411657e-10 -1.6152711911403959 -1.120487302941342e-08 -2.51771071657636e-07
-79600.00201086518 3.1070702029143255e-10 1.7511642078895207 -5.573819805704261e-08 3.056666578737932e-07
-79400.00200581276 1.6280496310004005e-10 0.09975727465951019 1.6199555674667465e-07 1.6214055764685043e-08
-79200.00200076033 1.2346152002371408e-09 1.0063608240322082 6.604437746693392e-07 1.0431149088940828e-06
-79000.0019957079 1.0305891982993752e-09 2.2722392929371114 -6.65060499116521e-07 7.87279256786455e-07
-78800.00199065548 1.0571747024422617e-09 2.4871318499569264 -8.387373213736282e-07 6.435355912604024e-07
-78600.00198560306 7.000449574577845e-10 -1.1423545125513448 2.908364493681148e-07 -6.367708396126659e-07
-78400.00198055063 6.664808034583247e-10 1.8441119138240194 -1.7990011813573403e-07 6.417418553228416e-07
-78200.0019754982 4.408553379792197e-10 1.2286495619028945 1.479114603020193e-07 4.153018527963681e-07
-78000.00197044578 3.7116401966646176e-10 -1.96251320766319 -1.4170144524427997e-07 -3.4305018570268686e-07
-77800.00196539336 2.666452255040871e-10 -1.6168165654065156 -1.2266745952338454e-08 -2.663629163901504e-07
-77600.00196034093 6.420694822224549e-11 -2.030685493177334 -2.8498176374291972e-08 -5.753595522239863e-08
-77400.0019552885 7.371402772005806e-10 2.685549141706624 -6.618059820162614e-07 3.2463615085021047e-07
-77200.00195023608 5.271501322001595e-10 -0.20516211544876417 5.160947239568614e-07 -1.0739412359406231e-07
-77000.00194518366 1.27641761399026e-09 -0.48298747921147056 1.130410004046567e-06 -5.928027901891397e-07
-76800.00194013123 2.650928738560539e-10 -0.15219064325247406 2.6202875547109983e-07 -4.0189091499165386e-08
-76600.0019350788 7.28675956133017e-10 -0.0003804634597728568 7.286759033942047e-07 -2.772345686352651e-10
-76400.00193002638 4.271010708177807e-10 1.6585652836528832 -3.74381055046058e-08 4.2545706357977053e-07
-76200.00192497396 5.220461245561876e-10 -0.3695371511051007 4.86805202037921e-07 -1.8855463779221537e-07
-76000.00191992153 3.673326983400888e-10 -3.0294256555666346 -3.650243337594006e-07 -4.111626239478028e-08
-75800.0019148691 7.952706313952275e-10 0.9679004623647218 4.509424353926761e-07 6.550620559320208e-07
-75600.00190981668 3.6086985182966434e-10 0.46235120644033456 3.2298075769432444e-07 1.6096732624593102e-07
-75400.00190476426 5.471837243902402e-10 -2.784321932006563 -5.126316938719455e-07 -1.913603268066666e-07
-75200.00189971183 5.702850286539239e-10 -2.9538920804379853 -5.602684887140441e-07 -1.0641538639166725e-07
-75000.0018946594 6.733667425541135e-10 -3.0052464223553885 -6.671173898853411e-07 -9.152681623714187e-08
-74800.00188960698 3.561492845014157e-11 0.9517661476488372 2.06654044987431e-08 2.9006278379206663e-08
-74600.00188455456 9.653989586569696e-10 -2.7807100818788486 -9.032133175823631e-07 -3.4088246114727383e-07
-74400.00187950213 1.0209847946612683e-10 -2.0551335509013593 -4.7539289615983193e-08 -9.035549486391403e-08
-74200.0018744497 3.406916746633421e-10 1.131454345685711 1.4491116961945494e-07 3.08336780330265e-07
-74000.00186939728 9.555999533327002e-10 -2.08897041311118 -4.73303637615885e-07 -8.301535625587775e-07
-73800.00186434486 5.974323439379432e-10 -0.4128719815065204 5.472314443810689e-07 -2.397147301769209e-07
-73600.00185929243 3.276337530477786e-10 -2.8628758682795388 -3.149901275367739e-07 -9.013931268064823e-08
-73400.00185424 5.306364765532213e-10 -2.453089632844397 -4.097564436644774e-07 -3.371568286780757e-07
-73200.00184918758 3.454497796099242e-10 1.6294767227851543 -2.025949830120055e-08 3.4485519129212605e-07
-73000.00184413516 4.6442518313345405e-10 0.9712117025940685 2.6207494518981633e-07 3.8341553676435325e-07
-72800.00183908273 7.395570642526023e-10 1.0428391051219745 3.7256648777184154e-07 6.388574672611114e-07
-72600.0018340303 4.4134576099853647e-10 2.637427334989679 -3.8643263633453273e-07 2.1320388909895627e-07
-72400.00182897788 1.4529304926456927e-10 2.6512129057069074 -1.281708555955774e-07 6.842734789902494e-08
-72200.00182392546 5.309426740718707e-10 1.2711701302218512 1.5671467390454552e-07 5.072875260969667e-07
-72000.00181887303 3.037319328226666e-10 -2.382315866227595 -2.2030711532838865e-07 -2.0908816789066975e-07
-71800.0018138206 4.0577685578702246e-10 1.8102367944719013 -9.623367158706486e-08 3.942003768964142e-07
-71600.00180876818 5.24266948445224e-10 0.8662411356948271 3.395650779447479e-07 3.9943884522219975e-07
-71400.00180371576 1.2633769182809055e-10 -2.638784947173952 -1.1070125705003875e-07 -6.088057213915476e-08
-71200.00179866333 3.067945896597913e-10 -2.823831210734735 -2.9143559787669915e-07 -9.585516436150243e-08
-71000.0017936109 4.4271163607175146e-10 -1.3630135801180383 9.132735834249672e-08 -4.3318922693380557e-07
-70800.00178855848 2.1077728369911665e-10 -0.38393708843655544 1.954320851815794e-07 -7.8951652326964e-08
-70600.00178350606 6.429588507565242e-10 -1.1044492565864374 2.8909129567988856e-07 -5.743015815129482e-07
-70400.00177845363 8.232864676996898e-10 0.5136622298139872 7.170420420754553e-07 4.0453840088883197e-07
-70200.0017734012 3.443634460903259e-10 1.168510861304485 1.3482599481307034e-07 3.168724256319422e-07
-70000.00176834878 3.167667077778882e-10 -1.108485587033725 1.4128348369002453e-07 -2.835138874779375e-07
-69800.00176329636 2.2074368821919915e-10 2.8864438740068463 -2.1359727819802998e-07 5.571336136878102e-08
-69600.00175824393 1.3920519646340993e-09 0.8286895860736229 9.408074287398094e-07 1.0260068490364205e-06
-69400.00175319151 3.802516972411742e-10 -0.8685964034868502 2.4560408495855057e-07 -2.902929325809822e-07
-69200.00174813908 2.762378720199702e-10 -2.205758531920679 -1.638496889277974e-07 -2.2239748509456092e-07
-69000.00174308666 1.822870494034128e-10 -1.4644718085128066 1.934508553347314e-08 -1.812576509996333e-07
-68800.00173803423 8.282086163176046e-10 2.13852188288556 -4.453408570803674e-07 6.982843497871372e-07
-68600.00173298181 7.664123139161143e-10 1.3179827585619528 1.9170200515894464e-07 7.420499822385906e-07
-68400.00172792938 2.914084718596627e-10 2.5234321647559668 -2.3748213928698192e-07 1.6888200315978708e-07
-68200.00172287696 1.2390326644639683e-09 0.8774222238358066 7.919101547848584e-07 9.52932447950694e-07
-68000.00171782453 1.9995283253670327e-10 2.7980986084624893 -1.882723267288e-07 6.733993040963782e-08
-67800.00171277211 4.02305601954554e-10 -2.120236485319392 -2.100879554767232e-07 -3.4309306073954104e-07
-67600.00170771968 5.119858872264493e-10 2.0871913643836897 -2.527922435824337e-07 4.4522537023805597e-07
-67400.00170266726 3.48052859800412e-10 1.7807387205665897 -7.253545464269706e-08 3.4041063590173337e-07
-67200.00169761483 3.577619395184837e-10 0.6065963179589724 2.9393474987315926e-07 2.0395089650460108e-07
-67000.00169256241 1.9255507865803512e-10 2.185402982859071 -1.1103442232318628e-07 1.573175621993883e-07
-66800.00168750998 1.035550883243705e-09 2.4346375355084766 -7.87373983568429e-07 6.726126982048442e-07
-66600.00168245756 4.23985648393901e-10 -1.0572038698838846 2.0830812902383755e-07 -3.692851925363172e-07
-66400.00167740513 4.105466804489909e-10 2.0934728279916115 -2.0494534397341724e-07 3.5573302181735045e-07
-66200.00167235271 8.27779177692357e-10 -2.6135875898603342 -7.150471265093827e-07 -4.17044330847105e-07
-66000.00166730028 4.242982614079704e-10 -0.9422523958166913 2.494736262015351e-07 -3.432082814613935e-07
-65800.00166224786 2.847025713308735e-10 0.3660266408918886 2.658429648638716e-07 1.0189736088239698e-07
-65600.00165719543 3.021280794034845e-10 1.1935010065614502 1.1130621274668684e-07 2.8087773740193e-07
-65400.00165214301 3.421014939168611e-10 2.0300690622238786 -1.5165233413494406e-07 3.066512704874569e-07
-65200.00164709058 5.99024352503145e-10 -1.7411625922540241 -1.0156057950183595e-07 -5.903521183014959e-07
-65000.00164203816 8.015640973535898e-10 0.13921690902214795 7.938089386927416e-07 1.112311602824434e-07
-64800.00163698573 2.414723101425899e-10 -1.1680279508607512 9.464910211143263e-08 -2.221495533083484e-07
-64600.00163193331 3.5393227481526357e-10 1.5025586864381353 2.4132764564477327e-08 3.531085737140671e-07
-64400.00162688088 1.045603908090336e-09 -1.7321900750011159 -1.6802227198464692e-07 -1.03201552736909e-06
-64200.00162182846 4.6183937995616926e-10 -0.3814258175571759 4.2864921295793224e-07 -1.7191702972318978e-07
-64000.00161677603 2.790727981390576e-10 1.7999912621293772 -6.340354957723449e-08 2.7177493733265834e-07
-63800.00161172361 4.354369048626945e-10 -0.09255660881469015 4.33573101699114e-07 -4.024504440813814e-08
-63600.00160667118 1.0486833387602154e-09 0.3419413984721282 9.879702971282711e-07 3.5164106271246e-07
-63400.00160161876 4.5643080889880395e-10 -1.9677864185243288 -1.7647635847106713e-07 -4.209336981197964e-07
-63200.00159656633 7.12388364238012e-10 1.4655514993393561 7.483685698916887e-08 7.084466291384928e-07
-63000.00159151391 6.621399181452119e-10 -1.6165860664964904 -3.030862055775074e-08 -6.614458849529825e-07
-62800.00158646148 6.61130645725178e-11 -2.5508664336038733 -5.490930793383697e-08 -3.6822618176834965e-08
-62600.00158140905 4.5774227410633533e-10 -2.97852076244189 -4.516695071288268e-07 -7.431450621542268e-08
-62400.001576356626 8.882079088002136e-10 -2.6065635428242504 -7.640842172307316e-07 -4.5286708671987697e-07
-62200.0015713042 1.342815675454774e-09 1.096338470599728 6.134737412510916e-07 1.194488973177421e-06
-62000.001566251776 4.151140463000221e-10 1.154030008474467 1.6804052682672932e-07 3.795814178531032e-07
-61800.00156119935 7.603116873445208e-10 -0.2124833566928364 7.432124441431043e-07 -1.6034065231096406e-07
-61600.001556146926 3.970505982931043e-10 0.9296835460039011 2.3747105060145657e-07 3.182085444031202e-07
-61400.0015510945 3.819319466389433e-10 2.8688811587795993 -3.678173129406659e-07 1.0287096852135136e-07
-61200.00154604208 2.149991041515235e-10 1.7637731910253713 -4.123281782675292e-08 2.1100822145125875e-07
-61000.00154098965 6.412427306325122e-10 1.617878350031827 -3.0179852228418014e-08 6.405321351099502e-07
-60800.00153593723 5.326208319513585e-10 0.9307049482757431 3.1811776957102467e-07 4.2718384252182773e-07
-60600.0015308848 8.947230057696464e-10 0.06099864131686811 8.930589638356246e-07 5.4543048744193356e-08
-60400.00152583238 3.6771261086017463e-10 0.3436730426744471 3.462100263140755e-07 1.2389988646166472e-07
-60200.00152077995 1.2713852110441062e-10 -2.5808224582547292 -1.0766671532103089e-07 -6.761717208370044e-08
-60000.00151572753 6.392545284679808e-10 -1.7016287168684172 -8.339680307445363e-08 -6.337912317189165e-07
-59800.0015106751 6.203550249971204e-10 1.4254153540711865 8.98704565210906e-08 6.138107673248072e-07
-59600.00150562268 3.01762876406417e-11 -0.4633795881946568 2.6994108226485736e-08 -1.3488011596507476e-08
-59400.00150057025 6.733796717843879e-10 0.532203577795278 5.802451991110402e-07 3.416953193724481e-07
-59200.00149551783 2.5179297532372394e-10 1.877811322166468 -7.609550362053241e-08 2.4001911747006943e-07
-59000.0014904654 5.265549016546107e-10 -2.9333345231405734 -5.151773880829325e-07 -1.0886837586987497e-07
-58800.00148541298 4.717434179268817e-10 -0.5605196066896813 3.9955676306435706e-07 -2.5079123877613796e-07
-58600.00148036055 2.91576388708671e-10 3.027731025381668 -2.8968836307541324e-07 3.312767349328283e-08
-58400.00147530813 4.875522753773922e-10 -2.8349066550857143 -4.648027465137261e-07 -1.471924864215879e-07
-58200.0014702557 8.996843374556873e-10 -1.6068151472085062 -3.239856211090242e-08 -8.991007953706998e-07
-58000.00146520328 5.325256782616598e-10 1.2460134185638954 1.6993056875524992e-07 5.046852482593067e-07
-57800.00146015085 2.4407640973976167e-10 -1.9004946875242406 -7.902160487072152e-08 -2.3093046519484517e-07
-57600.00145509843 3.365469972535532e-10 -2.9313845099919624 -3.2913875780415935e-07 -7.022506298692832e-08
-57400.001450046 4.528215918771897e-10 0.6984050768930278 3.468018801577877e-07 2.911629268798066e-07
-57200.00144499358 8.464842292391057e-10 -0.7439331898811749 6.228521965412348e-07 -5.732283067105826e-07
-57000.00143994115 1.7064469609805302e-10 -1.7897016863922888 -3.705741308257515e-08 -1.6657238799400176e-07
-56800.00143488873 6.392126558892568e-10 0.3847094298934203 5.924910174981424e-07 2.3989000319524223e-07
-56600.0014298363 7.776834781516142e-11 -0.22214130630696924 7.585741743088015e-08 -1.7133830354509882e-08
-56400.00142478388 6.471381984179757e-10 -2.798360689415847 -6.093918732130721e-07 -2.1778290271168288e-07
-56200.00141973145 5.848489316327678e-10 -3.1225554568272056 -5.84742955861417e-07 -1.1133211685887545e-08
-56000.00141467903 5.055534564076886e-10 1.6448483363623505 -3.74030429961536e-08 5.041679379536035e-07
-55800.0014096266 4.763551018314709e-10 -1.9246572119947893 -1.6506754782485977e-07 -4.4684100941605465e-07
-55600.00140457418 9.121719244873975e-10 -3.0011497801355316 -9.031907701739783e-07 -1.2768732315926457e-07
-55400.00139952175 3.590891993906704e-10 -0.4983566830979336 3.154129016580409e-07 -1.716384414596206e-07
-55200.00139446933 2.882764225871478e-10 -0.592777642412738 2.3909418855883047e-07 -1.6105050393289133e-07
-55000.0013894169 7.1876670751866e-11 -1.0829027256374684 3.3693361045639136e-08 -6.349026082652642e-08
-54800.00138436448 6.41280900933339e-10 2.810764624656401 -6.065066118499107e-07 2.0830488156597937e-07
-54600.00137931205 5.896684542372559e-10 0.6385907380033117 4.734663636984937e-07 3.5148042387689316e-07
-54400.00137425963 4.754471461656103e-10 1.2234880072948957 1.6182703091449646e-07 4.470592811500751e-07
-54200.0013692072 8.303261712795101e-11 1.2781073836997299 2.3957222622383867e-08 7.950136471368552e-08
-54000.00136415478 3.159127235201686e-10 -0.24111944923044268 3.0677376972043646e-07 -7.543674895860164e-08
-53800.00135910235 7.354835370228417e-10 0.6633864741937588 5.794958641974768e-07 4.5290239192308235e-07
-53600.00135404993 4.465288387713105e-10 -2.290528678655403 -2.943444110670157e-07 -3.357817319749046e-07
-53400.0013489975 7.726834271973658e-10 2.958309980555591 -7.597415186411105e-07 1.408279216574826e-07
-53200.00134394508 5.224654533092694e-10 0.0808489865729219 5.207588202049696e-07 4.219479921019342e-08
-53000.00133889265 6.302128268881164e-10 -0.16719855650696275 6.21424416757943e-07 -1.0488041490841482e-07
-52800.00133384023 1.9236637665779577e-10 2.2817844522222415 -1.2553499049994254e-07 1.4575935314287136e-07
-52600.0013287878 5.017022534168374e-10 0.674383329656182 3.9187569594867355e-07 3.1327079341725295e-07
-52400.00132373538 6.681233645915977e-10 -2.416259426506314 -4.999422860835212e-07 -4.432229020467915e-07
-52200.00131868295 4.803645405418084e-10 -2.6888198802572254 -4.3196184773552915e-07 -2.1014055751056304e-07
-52000.00131363053 1.1813873012910867e-10 -1.452336835088505 1.396194652947269e-08 -1.1731079918586573e-07
-51800.0013085781 8.171183269317909e-10 -1.9844223575710198 -3.284261737915295e-07 -7.482102702960347e-07
-51600.00130352568 1.4401693110772927e-10 -0.5231622222701767 1.247537445639435e-07 -7.195401074966412e-08
-51400.00129847325 5.749396898529489e-10 2.0467681686449364 -2.6343879343943e-07 5.110339020841792e-07
-51200.00129342082 8.246197403276246e-10 0.9152647820588903 5.026722766504621e-07 6.536958760960943e-07
-51000.001288368396 2.827228176895715e-10 3.0134103800693697 -2.804033299719233e-07 3.614089350012506e-08
-50800.00128331597 1.3054578224767415e-10 -1.3131059203652555 3.3269318477219256e-08 -1.262353108710812e-07
-50600.001278263546 6.059373915151437e-10 1.568036683710442 1.6721688096688059e-09 6.059350842191336e-07
-50400.00127321112 3.5937958059413374e-10 0.8910968453110938 2.258913850260863e-07 2.795116547105181e-07
-50200.001268158696 5.2114970935018076e-11 -0.8540176162020252 3.4237423747647544e-08 -3.9290826037152726e-08
-50000.00126310627 5.364434767687681e-10 1.5708045234550618 -4.397044876859925e-12 5.364434767507475e-07
-49800.001258053846 7.433995884957685e-10 -1.899963510935527 -2.40307661517232e-07 -7.034878648504161e-07
-49600.00125300142 9.146252208535735e-10 2.471350035819724 -7.167652436874256e-07 5.681433622450882e-07
-49400.001247948996 8.33465948437692e-10 -0.2765870895746326 8.017884217982607e-07 -2.2759792150939262e-07
-49200.00124289657 1.1205318912574345e-09 -2.9099687345090857 -1.0906079686429093e-06 -2.5722748309142673e-07
-49000.001237844146 8.690934622796984e-10 -0.22555757964292894 8.470789389855571e-07 -1.9437262488430918e-07
-48800.00123279172 3.473976622694399e-10 -2.3079667260475007 -2.335191952584914e-07 -2.572040458392877e-07
-48600.001227739296 7.958722349902051e-10 1.9985387562286754 -3.3014188009078405e-07 7.241677660863033e-07
-48400.00122268687 6.920854101030362e-10 -0.9335819600460387 4.1176229304690226e-07 -5.562679470383358e-07
-48200.001217634446 7.467083511002973e-10 -2.1183212821107458 -3.8871814330571075e-07 -6.375512267009498e-07
-48000.00121258202 1.2877370303450629e-09 1.5364797414923956 4.418206478451481e-08 1.2869788671432403e-06
-47800.001207529596 3.2051284064832586e-10 -1.965072405321208 -1.2312177408158043e-07 -2.959214587816561e-07
-47600.00120247717 5.948294903804276e-10 2.291848228874771 -3.9269163794319883e-07 4.467833928378795e-07
-47400.001197424746 6.990435285797147e-10 1.2182212650880104 2.4139064291883727e-07 6.560429958168967e-07
-47200.00119237232 7.690755422799186e-10 -2.269839105075014 -4.948887819405945e-07 -5.886954078659912e-07
-47000.0011873199 2.599921650831761e-10 0.8314422149188123 1.7518552951345523e-07 1.9210922974632894e-07
-46800.00118226747 4.3094263448475087e-10 2.812269667845695 -4.077844273642217e-07 1.3936791243285285e-07
-46600.00117721505 7.86241697882351e-10 1.490080564083689 6.339321113879581e-08 7.836818922690725e-07
-46400.00117216262 4.338782290107728e-10 -2.0518207885942448 -2.0075008752562518e-07 -3.84642327322382e-07
-46200.0011671102 5.418779314759996e-10 0.5115351343307118 4.725143385314601e-07 2.6525816199107766e-07
-46000.00116205777 7.55274774679843e-10 1.350200222215885 1.6526267132555006e-07 7.369723432626429e-07
-45800.00115700535 8.11636301747295e-11 -0.4557172742818073 7.288052314424753e-08 -3.572064122270291e-08
-45600.00115195292 1.106814460879942e-09 -2.622035370471475 -9.607581973325452e-07 -5.495288318835279e-07
-45400.0011469005 1.5085689318988651e-10 1.653505186307989 -1.2462980869543117e-08 1.503411997116899e-07
-45200.00114184807 6.634530327223605e-10 -2.6952857970420365 -5.984660487456939e-07 -2.8637093973937766e-07
-45000.00113679565 5.236861632542448e-10 2.5292798890793944 -4.2854334258990434e-07 3.0099468617539316e-07
-44800.00113174322 3.0593259288184897e-10 -0.32312664881971054 2.9009973703808534e-07 -9.714367688040682e-08
-44600.0011266908 7.273029717370835e-10 1.2865527246012172 2.0395865238387323e-07 6.981192454125207e-07
-44400.00112163837 2.0387723053615243e-10 2.859870277217057 -1.958399873658312e-07 5.668001834546743e-08
-44200.00111658595 1.5040747976189605e-10 0.27289862282284155 1.4484145466342468e-07 4.053841362594568e-08
-44000.00111153352 1.0172927542786297e-09 1.7749431939678897 -2.0623760835225546e-07 9.961679561243386e-07
-43800.0011064811 2.854253781757139e-10 -3.045796327841982 -2.8411671421091356e-07 -2.730090131741747e-08
-43600.00110142867 6.458309435354726e-10 -1.9962071210266443 -2.6653119891695276e-07 -5.882675646606828e-07
-43400.00109637625 3.4906095175329247e-10 0.0387054791563559 3.4879951782418317e-07 1.3507198248774444e-08
-43200.00109132382 4.4494097666632713e-10 -0.6207423903441786 3.6193584815324975e-07 -2.58795120777755e-07
-43000.0010862714 4.6427170001536846e-10 -0.18422894968086242 4.564151970254393e-07 -8.504927606622914e-08
-42800.00108121897 6.808855475979978e-10 -0.022365731738097683 6.807152563848007e-07 -1.522723391822467e-08
-42600.00107616655 1.6064328776488646e-09 0.6506990998676293 1.2781752160573312e-06 9.730851491251968e-07
-42400.00107111412 4.5013528942980033e-10 -0.49837171263381536 3.9538175142239673e-07 -2.151628439861497e-07
-42200.0010660617 3.4718465902622335e-10 3.0320451934472277 -3.451035214263598e-07 3.7957172738245504e-08
-42000.00106100927 2.1048018440778705e-10 1.6923906710698844 -2.5530179914579065e-08 2.0892610641531917e-07
-41800.00105595685 1.1480834146167172e-09 1.0945222683581304 5.263630505902839e-07 1.0203124354291049e-06
-41600.00105090442 1.138895448386207e-09 -2.560228237880372 -9.517910291578779e-07 -6.254411876183141e-07
-41400.001045852 6.405515151334014e-10 1.932229486793723 -2.2650872710805459e-07 5.991661206072862e-07
-41200.00104079957 9.57027115246451e-10 -1.9049417739398518 -3.1386852811232657e-07 -9.040948215632838e-07
-41000.00103574715 4.4553234475051743e-10 -1.3692456587520567 8.919060739964735e-08 -4.3651358028196086e-07
-40800.00103069472 4.2420571306623786e-10 -1.4684403485998754 4.334421371821051e-08 -4.219855046505572e-07
-40600.0010256423 6.487663443586215e-10 2.012139773814202 -2.771235064202848e-07 5.866006578258975e-07
-40400.00102058987 2.2705053742496505e-10 -0.14517685398718128 2.2466204213644758e-07 -3.284681671100742e-08
-40200.00101553745 9.333202769734794e-10 1.920827503423752 -3.200608101328051e-07 8.767256225450382e-07
-40000.00101048502 1.591843812060352e-10 0.7647718670262738 1.1485795081700445e-07 1.1021487356099868e-07
-39800.00100543259 8.347548770334768e-10 2.8563300345954 -8.010205811981308e-07 2.349079250008046e-07
-39600.001000380165 7.23054289815595e-10 -0.14526539971003583 7.154387369756599e-07 -1.0466575206535822e-07
-39400.00099532774 2.4233212215157356e-10 -0.7152991751399153 1.8293580728023784e-07 -1.5893189686533304e-07
-39200.000990275315 1.888895509853119e-10 0.68542696042318 1.4622862870572462e-07 1.1956776579946649e-07
-39000.00098522289 2.563546504138083e-10 2.6435110418410743 -2.2520773235168434e-07 1.2247115610541925e-07
-38800.000980170465 3.6350349936621723e-10 -2.871626236590362 -3.5033734935296934e-07 -9.694604530263717e-08
-38600.00097511804 6.820044462379733e-10 1.7234816732402063 -1.0372795450352967e-07 6.740701566920748e-07
-38400.000970065616 8.736728345817336e-10 -0.4949190617780245 7.688383457105097e-07 -4.149600222325134e-07
-38200.00096501319 7.577988726258616e-10 1.7842230610535106 -1.6050947121426518e-07 7.406050506197914e-07
-38000.000959960766 9.261529070031874e-10 0.5522897421117489 7.884575581873499e-07 4.85894933177633e-07
-37800.00095490834 9.672361469892506e-10 2.1303068026997685 -5.133812669422255e-07 8.197471798032652e-07
-37600.000949855916 5.045760728770454e-10 1.9415068765465928 -1.8279671243348616e-07 4.7030030325689864e-07
-37400.00094480349 1.2308500335367826e-09 3.0888430975626253 -1.2291380008244701e-06 6.489668702425178e-08
-37200.000939751066 4.922818752657995e-10 -1.2719007595389655 1.4495974387518373e-07 -4.7045522355571023e-07
-37000.00093469864 1.4165443273199006e-10 0.8797145406555551 9.028644626374316e-08 1.0915281001278032e-07
-36800.000929646216 7.774976859582392e-10 2.366560649255575 -5.554432892518335e-07 5.440454062810574e-07
-36600.00092459379 7.030808993178557e-10 -1.1684105319933697 2.753368115726573e-07 -6.469253366336858e-07
-36400.000919541366 5.355965318581256e-10 0.2807129955795275 5.146322947235937e-07 1.4838209516643275e-07
-36200.00091448894 3.598155974346333e-10 -2.139402598307788 -1.937456386436054e-07 -3.031994255664472e-07
-36000.000909436516 6.130256907286541e-10 -0.08357385238475547 6.108860703402108e-07 -5.117329926473957e-08
-35800.00090438409 4.3072242271769256e-10 -0.4696006162798927 3.8409632957536743e-07 -1.9491489178236066e-07
-35600.000899331666 4.5547646231338053e-10 -0.7306033768343491 3.3922606706981995e-07 -3.0394815864198677e-07
-35400.00089427924 4.980583272382552e-10 1.9156759936598668 -1.6838526872842152e-07 4.6873073145103916e-07
-35200.000889226816 7.428002462836538e-10 0.33125187087445496 7.024186108317565e-07 2.4157876776786935e-07
-35000.00088417439 2.6111475720969925e-10 -0.6257039570299372 2.1164683677854512e-07 -1.5292656052601217e-07
-34800.000879121966 5.581694788192848e-10 -1.267639910001754 1.6663266189098636e-07 -5.327163626889231e-07
-34600.00087406954 1.0011993320356385e-09 -1.9560601176425576 -3.7625431792420727e-07 -9.27810751560898e-07
-34400.000869017116 7.258364735488166e-10 -2.9076975953755926 -7.060726907592851e-07 -1.682258651269919e-07
-34200.00086396469 5.239070590205701e-10 0.7417599720551292 3.862665567955226e-07 3.5394456288084797e-07
-34000.000858912266 4.5157197240089463e-10 1.0925264581340217 2.0783323101403184e-07 4.0090222541699916e-07
-33800.00085385984 3.1970208848997434e-10 3.0724063716098566 -3.189372280165692e-07 2.210135674474145e-08
-33600.000848807416 4.037363026955823e-10 -0.7487734380537286 2.9574668902743184e-07 -2.748397679441794e-07
-33400.00084375499 9.412776219709334e-10 -3.000104515955571 -9.318716610584588e-07 -1.3273571086713787e-07
-33200.00083870257 3.00114646699382e-10 -2.3842984253135544 -2.1809253925031413e-07 -2.0616606288825778e-07
-33000.00083365014 2.6820758246592484e-10 -2.200294276448845 -1.5790426743933494e-07 -2.1679840778165982e-07
-32800.00082859772 2.9574612240605005e-10 -1.7770310766604644 -6.056167833889958e-08 -2.894789319363156e-07
-32600.00082354529 4.5987692238199504e-10 -0.5089392398614866 4.0159297454156473e-07 -2.2407558220027823e-07
-32400.000818492867 5.737899622259164e-10 -0.86976464584598 3.700982078580495e-07 -4.384771798982001e-07
-32200.00081344044 2.754846914523291e-10 -2.559944188401512 -2.3018346961833913e-07 -1.5135186004489043e-07
-32000.000808388017 7.144869407715223e-10 0.1865120342907805 7.020955892222958e-07 1.3248913965924203e-07
-31800.00080333559 2.8719727362764544e-10 -0.010976271997137825 2.871799732462321e-07 -3.1522920940219024e-09
-31600.000798283167 8.562407359152368e-10 1.2470704011137688 2.7237116240197423e-07 8.117648352401474e-07
-31400.00079323074 5.509369003229182e-10 1.2106319843062066 1.941656098125577e-07 5.15588192362415e-07
-31200.000788178313 1.0858549807290371e-10 0.5337376563829999 9.348250817886594e-08 5.524338020368447e-08
-31000.000783125888 3.297386537189275e-10 0.2802908138327556 3.1687061252672066e-07 9.121729371841525e-08
-30800.000778073463 6.286290965286532e-10 1.5554253143178738 9.662285194167453e-09 6.285548355133841e-07
-30600.00077302104 5.983125428901483e-10 2.7029770036032477 -5.416765440635629e-07 2.540952982466038e-07
-30400.000767968613 5.096319755883892e-10 1.0823675576616998 2.3913917779339045e-07 4.5004133608639307e-07
-30200.00076291619 9.834038308639015e-10 2.2092412160767023 -5.860569286531003e-07 7.8969637895554e-07
-30000.000757863763 7.751565636296028e-10 2.7155477627296816 -7.058633072487552e-07 3.203508851523651e-07
-29800.00075281134 1.949755756737006e-10 2.622413086524656 -1.6928297030815997e-07 9.674063816689227e-08
-29600.000747758913 1.109370728861991e-09 2.926613981374517 -1.0838340621655007e-06 2.3665827630914293e-07
-29400.00074270649 8.170451110050951e-10 -2.1029100395326363 -4.1453268773139484e-07 -7.040776691669137e-07
-29200.000737654063 5.729561014811602e-10 -0.5272920137388156 4.951331258329361e-07 -2.8830865739237765e-07
-29000.00073260164 1.570364530721815e-10 3.064137705931727 -1.5656563656651912e-07 1.215109213248411e-08
-28800.000727549213 1.8508980805575512e-10 -0.37413919730974887 1.7228576998373768e-07 -6.764503313050341e-08
-28600.00072249679 1.2575501009042838e-10 -1.7392746983108547 -2.1086909440803936e-08 -1.2397445225964532e-07
-28400.000717444364 6.221664476481728e-10 0.13507138869505317 6.164995817181662e-07 8.378158700139693e-08
-28200.00071239194 7.116047330924343e-10 2.6510774531988037 -6.276996146192815e-07 3.352230451003635e-07
-28000.000707339514 7.790981155085767e-10 -2.542111079166628 -6.432453973914676e-07 -4.3957847117859217e-07
-27800.00070228709 1.0330456780123783e-09 -3.0966929644631342 -1.0320045521483578e-06 -4.6367846673334157e-08
-27600.000697234664 3.673225125904916e-10 -1.9964520307913523 -1.5167410105654255e-07 -3.3454565506740863e-07
-27400.00069218224 1.293438798206243e-09 -1.026269050491754 6.700191387265519e-07 -1.1063716728321182e-06
-27200.000687129814 6.720035831027206e-10 -0.6747803990175235 5.247300736144211e-07 -4.1981801479629155e-07
-27000.00068207739 2.48148799055123e-10 -1.2327746459535232 8.229144499161123e-08 -2.3410669480750101e-07
-26800.000677024964 4.698969912090893e-10 2.7605094231362735 -4.3618766110142815e-07 1.7476700675533863e-07
-26600.00067197254 7.300133673929636e-10 0.22561732823563296 7.115120483902615e-07 1.6330989427437714e-07
-26400.000666920114 2.1007130395805996e-10 1.4397677040055867 2.7446659722762945e-08 2.082705778949645e-07
-26200.00066186769 4.385681552778064e-10 -2.1033377794787693 -2.2267179278223637e-07 -3.7783501627419724e-07
-26000.000656815264 8.119629039507754e-10 0.3035803709822952 7.74833704753064e-07 2.427271871274783e-07
-25800.00065176284 7.178849710681326e-10 -2.8057657705357535 -6.777825763970569e-07 -2.3657897374462777e-07
-25600.00064671041 6.765981433153996e-10 -2.982659991799481 -6.680708195538898e-07 -1.0708140640858232e-07
-25400.000641657985 5.274044892664861e-10 2.2624491190208924 -3.363843961157187e-07 4.0620319219364376e-07
-25200.00063660556 1.4670524825333177e-10 2.8863051419869534 -1.4195063857691537e-07 3.704653928071622e-08
-25000.000631553135 5.409747689707611e-10 -0.6559486615996091 4.2870610494905037e-07 -3.299466263539941e-07
-24800.00062650071 5.705742879573353e-10 0.12188637549530291 5.663412243617216e-07 6.937316243682545e-08
-24600.000621448286 3.4344746967308585e-10 -2.8007340181568874 -3.236882409884956e-07 -1.1481327044648992e-07
-24400.00061639586 6.451944067113212e-10 0.34012184578431515 6.082338157575862e-07 2.1523811888357613e-07
-24200.000611343436 4.848077844141332e-10 2.6912290053788466 -4.3646705161215493e-07 2.1103341130146447e-07
-24000.00060629101 7.777236497204256e-10 2.124130343533593 -4.087145040188034e-07 6.616695017447327e-07
-23800.000601238586 2.0972223552341614e-10 1.643457369236534 -1.522523074282134e-08 2.0916885146160524e-07
-23600.00059618616 6.597456355338322e-10 2.0808426452245694 -3.220994773123209e-07 5.757744613310578e-07
-23400.000591133736 5.362621843150791e-10 2.323278957871775 -3.66510090388239e-07 3.9146836905423754e-07
-23200.00058608131 3.289993144366938e-10 2.7431394802641904 -3.0322624988698976e-07 1.2764948209564864e-07
-23000.000581028886 3.850455854941699e-10 1.0265345766883915 1.9937146444881648e-07 3.2941026406607676e-07
-22800.00057597646 1.0144775258347878e-09 -3.1409503884848036 -1.0144773165965404e-06 -6.515634698445183e-10
-22600.000570924036 3.334178801322412e-10 -1.9351088064954298 -1.187991183204673e-07 -3.115353146565525e-07
-22400.00056587161 4.4020573555488154e-10 1.956745980631534 -1.6571065308834676e-07 4.0782480192902426e-07
-22200.000560819186 2.8198031570581595e-10 2.4149952334039315 -2.1076313072576625e-07 1.8732805762144977e-07
-22000.00055576676 5.685441139137534e-10 -0.8843822518455532 3.6032476191660834e-07 -4.3978230457319967e-07
-21800.000550714336 5.436335722808378e-10 2.4839529235820104 -4.302518056276128e-07 3.3229632057096836e-07
-21600.00054566191 3.4043814324261526e-10 2.5321777557846143 -2.7915351163976254e-07 1.9486263447276997e-07
-21400.000540609486 8.626450915282137e-10 -1.4067471719589666 1.4088230149145176e-07 -8.510632943936614e-07
-21200.00053555706 4.1242360467370505e-10 2.2872393398522464 -2.7084119724740674e-07 3.110277729811983e-07
-21000.000530504636 5.477343257622801e-10 -2.452895640974377 -4.22891848095297e-07 -3.48102537239825e-07
-20800.00052545221 3.970169684206644e-10 -0.04866536873613458 3.965469299593849e-07 -1.931335169569337e-08
-20600.000520399786 9.570685094241961e-10 0.6050259551054455 7.871767278011532e-07 5.443647039804489e-07
-20400.00051534736 3.421011128199544e-10 0.07089136012041528 3.4124184367101407e-07 2.423170486487436e-08
-20200.000510294936 3.6190520032994375e-10 -2.138612928190999 -1.9462992362218046e-07 -3.0511402271393706e-07
-20000.00050524251 7.585907057653783e-10 0.5425844491256812 6.4963967838505e-07 3.9169905174940567e-07
-19800.000500190083 3.328317814177791e-10 1.5737799461477955 -9.930418709558353e-10 3.328302999872079e-07
-19600.000495137658 5.203086372481904e-10 -2.619357107459496 -4.5095472889222776e-07 -2.595398052029907e-07
-19400.000490085233 4.826582637369477e-10 0.02043071613409875 4.825575330436038e-07 9.860367966574302e-09
-19200.000485032808 7.372928727173626e-10 1.7522043831745135 -1.3301847456848037e-07 7.251943640040892e-07
-19000.000479980383 8.56727993816691e-10 2.190474645346583 -4.975647620586443e-07 6.97432550822441e-07
-18800.000474927958 4.507359334556567e-10 -2.4856065611810405 -3.5718427304765044e-07 -2.7492231047254734e-07
-18600.000469875533 1.511047936021716e-10 -2.719041997809843 -1.378145096930794e-07 -6.196627766463791e-08
-18400.000464823108 4.3238570602392205e-10 -1.8338568913209552 -1.1243630004820204e-07 -4.1751105039899983e-07
-18200.000459770683 4.504707386230454e-10 0.27804800838315125 4.3316953191041563e-07 1.2364482593341108e-07
-18000.000454718258 5.48394503953531e-10 2.8068645565070485 -5.179584269265902e-07 1.801543780821646e-07
-17800.000449665833 4.4400320495341187e-10 1.9623798719133736 -1.694549656150457e-07 4.103947619515935e-07
-17600.000444613408 3.0462490312143e-10 2.129483591277945 -1.6147359427343133e-07 2.5830720074004887e-07
-17400.000439560983 6.012313281334642e-10 2.986265514257126 -5.939930886045275e-07 9.301247561044335e-08
-17200.000434508558 2.097630069615581e-10 0.5265931171980339 1.813452278343064e-07 1.0542498485310858e-07
-17000.000429456133 1.027530576426903e-09 -3.0706300070002226 -1.024944495497948e-06 -7.285510716936727e-08
-16800.000424403708 7.505165999275385e-10 0.9027375541177954 4.649174460968908e-07 5.891747916209056e-07
-16600.000419351283 3.6775037703917233e-10 -0.9450080863875806 2.1540475436676587e-07 -2.9806229484563573e-07
-16400.00041429886 5.390491765728038e-10 2.0373167916990966 -2.42454243126744e-07 4.814456924240318e-07
-16200.000409246433 5.770891407460577e-10 2.5413983026493714 -4.762288827730998e-07 3.2594160148669005e-07
-16000.000404194008 2.491004722148512e-10 2.2343210300259324 -1.5342036452370422e-07 1.962478968220438e-07
-15800.000399141583 2.788839265558913e-10 -2.9143271721606574 -2.717127506324246e-07 -6.283649922611545e-08
-15600.000394089157 1.3706469840694947e-09 -1.5928613831020895 -3.024094885617501e-08 -1.3703133364129094e-06
-15400.000389036732 7.504612502512423e-10 -1.1881926970848373 2.8017503306276836e-07 -6.961997119914187e-07
-15200.000383984307 5.17831364275901e-10 -0.4170338956970838 4.734503071812668e-07 -2.097477734275266e-07
-15000.000378931882 6.312772281720618e-10 -0.3681513647958521 5.889780222423369e-07 -2.2719117087621754e-07
-14800.000373879457 3.816141259641792e-10 -0.544137047804535 3.264992548546175e-07 -1.9755398683596326e-07
-14600.000368827032 8.34077898400263e-10 1.0009919756729115 4.4995776971035184e-07 7.022990431981846e-07
-14400.000363774607 9.057019098140863e-10 1.0100579382835069 4.816628329518124e-07 7.670051269670353e-07
-14200.000358722182 8.385606704455472e-10 -2.6089117913178788 -7.223770047692923e-07 -4.258584987981706e-07
-14000.000353669757 1.008569338310814e-09 1.0826148666881037 4.7303974914925107e-07 8.907555814618995e-07
-13800.000348617332 4.389992677323629e-10 -1.0498099896182522 2.185056773296168e-07 -3.807566493763126e-07
-13600.000343564907 8.384476934351871e-10 3.0865864668321503 -8.371795757744493e-07 4.609655662735079e-08
-13400.000338512482 3.172436631594319e-10 -1.7124979295388336 -4.48036455713563e-08 -3.1406396666655567e-07
-13200.000333460057 9.80730958998097e-11 -0.11015464755048414 9.747868556786443e-08 -1.0781372794532729e-08
-13000.000328407632 1.0395958530497381e-09 0.36030332477600496 9.728433275624226e-07 3.665179363898652e-07
-12800.000323355205 5.894469477206837e-10 0.4913473777260779 5.197141637047764e-07 2.7810949682072206e-07
-12600.00031830278 8.396860279014337e-10 2.1711096591968526 -4.7433951888553594e-07 6.928741922429538e-07
-12400.000313250355 4.576942989965341e-10 1.4326156316010132 6.304344435381637e-08 4.533316616539551e-07
-12200.00030819793 5.545437316019218e-10 2.3993011610046566 -4.086551960158502e-07 3.7485954840210667e-07
-12000.000303145505 8.398990994807269e-10 2.934507177137358 -8.219540851284179e-07 1.726904144683239e-07
-11800.00029809308 1.7209340330828874e-10 3.03709241198324 -1.7115460226868606e-07 1.7951088671086524e-08
-11600.000293040655 4.279060504975135e-10 -2.0128236582010284 -1.8304657789514067e-07 -3.8677840991097057e-07
-11400.00028798823 6.154574736332935e-10 -0.6008552454320913 5.076615774424198e-07 -3.4794773262625256e-07
-11200.000282935805 8.224778307517138e-10 1.5883198512037173 -1.4411972726335875e-08 8.223515532423953e-07
-11000.00027788338 1.1854217036377325e-09 -2.3872354860957126 -8.63830923902853e-07 -8.118009302560125e-07
-10800.000272830956 5.089413027604391e-10 -2.2923533044942097 -3.361834255422025e-07 -3.8210202046862207e-07
-10600.00026777853 6.397935168002291e-10 2.3814548454999565 -4.6368463468837717e-07 4.408313778458961e-07
-10400.000262726106 3.916053043341805e-10 -0.1338099171700977 3.881046674036881e-07 -5.224444010742957e-08
-10200.00025767368 3.105218554443475e-10 0.4093332739823332 2.8486852154951947e-07 1.2358700635095587e-07
-10000.000252621256 3.207054341479549e-10 -1.7822512641633526 -6.73105071680169e-08 -3.1356222846001813e-07
-9800.000247568829 7.278985130938631e-10 1.3939323307139433 1.280689104765642e-07 7.165435084721672e-07
-9600.000242516404 9.213684747620616e-10 -0.48921312909422937 8.132946313077483e-07 -4.329800329938571e-07
-9400.000237463979 8.841481950032823e-10 -1.8254009418472172 -2.226840306596145e-07 -8.556458690467394e-07
-9200.000232411554 6.187946108833919e-10 1.107425180753008 2.7658033918687153e-07 5.53543210990437e-07
-9000.000227359129 5.624774739148049e-10 -1.0637065290413004 2.7315892814350207e-07 -4.916961547918319e-07
-8800.000222306704 3.1608927482123905e-10 -0.5214826204160078 2.740751756658e-07 -1.5746500481306214e-07
-8600.000217254279 3.371263228018993e-10 -0.4952260964557724 2.966243993762774e-07 -1.602127436273193e-07
-8400.000212201854 4.989817809430942e-10 0.5928870750580764 4.1382104054576985e-07 2.78809906772981e-07
-8200.00020714943 6.715238909423576e-10 -0.5974704841693292 5.551899281419637e-07 -3.7776775907438775e-07
-8000.000202097004 3.139701089357744e-10 0.8923351162141882 1.9704630893624397e-07 2.444380932664636e-07
-7800.000197044578 1.2273147087909828e-09 -2.321920763395469 -8.375945053096245e-07 -8.970712564171368e-07
-7600.000191992153 5.938084766083022e-10 2.7925155103778603 -5.579951500855884e-07 2.03100761625441e-07
-7400.000186939728 3.6081983754151464e-10 1.259313959589921 1.105804587897552e-07 3.4345730054452517e-07
-7200.000181887303 4.61942735708052e-10 2.2030372687646205 -2.729869166273602e-07 3.7265162608490776e-07
-7000.000176834878 1.6087308534114635e-10 3.045275006605137 -1.6012744508131505e-07 1.5470970199382705e-08
-6800.000171782453 4.764695867579147e-10 3.0549109289672924 -4.7468067743139386e-07 4.1249503979212676e-08
-6600.0001667300285 1.0976468002516381e-09 -2.649130062794006 -9.672147760486638e-07 -5.189644256553549e-07
-6400.000161677603 7.21702042357882e-10 2.8998728995211445 -7.007205391484916e-07 1.727557928377088e-07
-6200.000156625178 9.847642979741999e-10 -2.898212401105203 -9.557422425698903e-07 -2.3731305975882577e-07
-6000.000151572753 9.118741452070413e-10 -3.0858376970427837 -9.104571794260607e-07 -5.081516632476912e-08
-5800.000146520328 6.913533944111565e-10 -0.06113168926847991 6.900619740068947e-07 -4.223728203300858e-08
-5600.000141467903 4.82960528923252e-10 0.46831679042596885 4.3095984392227393e-07 2.180011133556814e-07
-5400.000136415478 5.971216664224719e-10 -2.5530622706082045 -4.966603761591415e-07 -3.31485678822796e-07
-5200.000131363053 6.022245148450271e-10 0.08203510868646802 6.001992380877397e-07 4.934815983625995e-08
-5000.000126310628 8.284808607371255e-10 -0.02221798782655667 8.282763839240204e-07 -1.8405663299025932e-08
-4800.000121258202 9.124820004276904e-10 -2.9191038592900678 -8.89990504293614e-07 -2.0134622760736853e-07
-4600.000116205777 3.838204433229061e-10 -2.0653657695684986 -1.8218142139314608e-07 -3.378284511579288e-07
-4400.000111153352 7.538524721674337e-10 1.122610111523301 3.2666809968162625e-07 6.793978969965586e-07
-4200.000106100927 2.3788862721200557e-10 2.7516565542403875 -2.200311254307863e-07 9.042844020812346e-08
-4000.000101048502 2.6602733007549435e-10 2.818442689935609 -2.522577121633063e-07 8.447832267055588e-08
-3800.0000959960767 3.864079728334214e-10 -0.7326676327335463 2.872529009101399e-07 -2.5845094774046284e-07
-3600.0000909436517 2.1493143589160607e-10 -1.115487418120229 9.451390092785061e-08 -1.930353456386369e-07
-3400.0000858912267 7.573134820736204e-10 -1.183377068308007 2.861131853659771e-07 -7.011868191075799e-07
-3200.0000808388013 1.160434936065331e-10 0.3480521714391194 1.0908539072040924e-07 3.9578655103289506e-08
-3000.0000757863763 7.359599358463541e-10 -0.6269195956601163 5.960086727485603e-07 -4.3175304188791674e-07
-2800.0000707339514 6.17888467897812e-10 1.4595723578764621 6.858240053642106e-08 6.140705277879466e-07
-2600.0000656815264 4.3713350261890727e-10 0.030400970101299815 4.369315146357522e-07 1.3287235603454128e-08
-2400.000060629101 5.224132856950647e-10 1.2871939162408266 1.461795772206287e-07 5.015447859108013e-07
-2200.000055576676 8.803354191297067e-10 -0.8750264241850945 5.642743828859764e-07 -6.757106414678749e-07
-2000.000050524251 3.1994712091201223e-10 1.726954597420977 -4.97595776804971e-08 3.1605402166234864e-07
-1800.0000454718258 9.327049008079485e-10 -0.6370375077786453 7.497654882504534e-07 -5.547883782305862e-07
-1600.0000404194006 6.361493096680322e-10 -1.89159337098318 -2.005925362480454e-07 -6.036957665850329e-07
-1400.0000353669757 5.504683370587134e-10 2.5935168193163123 -4.6984051316201203e-07 2.8681925021839527e-07
-1200.0000303145505 3.7985195520115803e-10 0.00413159789989953 3.798487131501105e-07 1.569391075428861e-09
-1000.0000252621255 4.4788148616203026e-10 0.3950911095148376 4.1337736866875474e-07 1.7238612681769183e-07
-800.0000202097003 1.4134053887476088e-09 1.2881791051670264 3.941563526677072e-07 1.3573339908042048e-06
-600.0000151572752 6.82854312703069e-10 2.8587522614802117 -6.5572219198895e-07 1.9057392085589098e-07
-400.00001010485016 9.184778136755138e-10 1.9395559831673523 -3.310733626138429e-07 8.56733285673969e-07
-200.00000505242508 2.652787840012766e-10 1.7440343405697376 -4.5726845088189805e-08 2.6130803447172585e-07
0.0 0.999999992787838 0.0 999.999992787838 0.0
200.00000505242508 2.652890963538313e-10 -1.7442754198071087 -4.579161971829393e-08 -2.6130716065161236e-07
400.00001010485016 9.184832347890868e-10 -1.9395676921910956 -3.3108534824854985e-07 -8.567344657265524e-07
600.0000151572752 6.828490106108789e-10 -2.85874566243544 -6.557158429565391e-07 -1.90576768227535e-07
800.0000202097003 1.4134004204393645e-09 -1.288195375514038 3.9413288288603354e-07 -1.3573356324528274e-06
1000.0000252621255 4.478666127759118e-10 -0.39506447516443427 4.133682321993959e-07 -1.7236939243298055e-07
1200.0000303145505 3.798490487124123e-10 -0.00412344737439413 3.798458194648191e-07 -1.5662831240326192e-09
1400.0000353669757 5.504682337405789e-10 -2.593515663609153 -4.698400934977087e-07 -2.868197393826599e-07
1600.0000404194006 6.361551228125149e-10 1.8916076945811178 -2.0060301642033096e-07 6.036984098733988e-07
1800.0000454718258 9.326991573229072e-10 0.637035398948458 7.497620412300066e-07 5.547833807906244e-07
2000.000050524251 3.199451765700885e-10 -1.7269513385095132 -4.975824530184525e-08 -3.1605226313846657e-07
2200.000055576676 8.803278271215713e-10 0.8750344168646593 5.642641158765116e-07 6.757093241466228e-07
2400.000060629101 5.224119677389054e-10 -1.287203969851793 1.4617416610462897e-07 -5.015449902057156e-07
2600.0000656815264 4.371326386962152e-10 -0.03040053620821049 4.3693065687744337e-07 -1.3287019762220353e-08
2800.0000707339514 6.178894244609365e-10 -1.4595714736570748 6.858304968382356e-08 -6.140714177982343e-07
3000.0000757863763 7.359601989742913e-10 0.6269225644608009 5.960076040478768e-07 4.317549656823738e-07
3200.0000808388013 1.1604892457296019e-10 -0.34798026897914863 1.0909334169362239e-07 -3.957266345167021e-08
3400.0000858912267 7.573114626867694e-10 1.183379207604038 2.86110922398386e-07 7.011855614608153e-07
3600.0000909436517 2.1493353589907518e-10 1.1154901096079042 9.451430482698697e-08 1.9303748609311722e-07
3800.0000959960767 3.8640351960967497e-10 0.7326802344810386 2.8724633349686e-07 2.5845158900528187e-07
4000.000101048502 2.66031481097149e-10 -2.8184408490044306 -2.5226149280577204e-07 -8.448010524464422e-08
4200.000106100927 2.3788962204723935e-10 -2.751646559362259 -2.2003114175106475e-07 -9.043101756311955e-08
4400.000111153352 7.538531069849535e-10 -1.1226165518931814 3.266639991839071e-07 -6.794005729671149e-07
4600.000116205777 3.837993775717708e-10 2.0653568332573458 -1.8216840369511544e-07 3.3781153757628246e-07
4800.000121258202 9.12483767344894e-10 2.9191034663129107 -8.899921485339135e-07 2.0134696723794754e-07
5000.000126310628 8.284791810704319e-10 0.022215283173512367 8.282747544496871e-07 1.8403385787513216e-08
5200.000131363053 6.02220731172655e-10 -0.08203488442890162 6.001954782064445e-07 -4.934771519193859e-08
5400.000136415478 5.971261887984414e-10 2.5530683344585823 -4.966661477645573e-07 3.314851776681227e-07
5600.000141467903 4.829600488843876e-10 -0.46831993861955207 4.309587292583572e-07 -2.180022534159498e-07
5800.000146520328 6.913540081781619e-10 0.06113583694422746 6.900624114347664e-07 4.2240181685748723e-08
6000.000151572753 9.118777297602653e-10 3.0858398914849006 -9.104608699184169e-07 5.0813368124291713e-08
6200.000156625178 9.847671386621826e-10 2.898216950048212 -9.557460790565742e-07 2.3730939668897832e-07
6400.000161677603 7.216976665508976e-10 -2.899875628854457 -7.007167620587396e-07 -1.7275283289985843e-07
6600.0001667300285 1.0976489414491715e-09 2.6491314804165875 -9.672173985064703e-07 5.18964066859029e-07
6800.000171782453 4.764687118750808e-10 -3.0549066567606764 -4.746796296029032e-07 -4.12514561676236e-08
7000.000176834878 1.6087253573538006e-10 -3.045265135994184 -1.6012674530774262e-07 -1.5472497894020165e-08
7200.000181887303 4.619412787693542e-10 -2.2030381461729522 -2.7298638261008534e-07 -3.7265021124444075e-07
7400.000186939728 3.608209312508912e-10 -1.2593212727866048 1.1057828219751542e-07 -3.4345915031486207e-07
7600.000191992153 5.938121736826579e-10 -2.792522219321043 -5.579999867721952e-07 -2.0309828255293816e-07
7800.000197044578 1.2273130431025653e-09 2.3219150691774075 -8.375882604161333e-07 8.970748083536595e-07
8000.000202097004 3.1396708931240577e-10 -0.8923493972313132 1.970409230223069e-07 -2.4443855634048717e-07
8200.00020714943 6.715205911794389e-10 0.5974736606370166 5.551860000618802e-07 3.7776766631525405e-07
8400.000212201854 4.989796764319877e-10 -0.5929075608295158 4.1381358351078035e-07 -2.788172082102136e-07
8600.000217254279 3.371259462211801e-10 0.49521596416334757 2.9662569134281114e-07 1.6020955917461777e-07
8800.000222306704 3.160940502244897e-10 0.5214804755003607 2.740796540834367e-07 1.5746679588035661e-07
9000.000227359129 5.624755291397982e-10 1.0637104687446846 2.7315604655964165e-07 4.916955309020032e-07
9200.000232411554 6.187961014631958e-10 -1.1074211856610752 2.7658321688495136e-07 -5.535434394188243e-07
9400.000237463979 8.841506519020225e-10 1.825399556525655 -2.2268346411280504e-07 8.556485552313475e-07
9600.000242516404 9.213667808078884e-10 0.4892132075342914 8.132931020865541e-07 4.3297930074626123e-07
9800.000247568829 7.279007567206066e-10 -1.3939363513696619 1.2806642424312287e-07 -7.1654623201578e-07
10000.000252621256 3.206985244393649e-10 1.7822462194730335 -6.730747514893665e-08 3.1355581220360307e-07
10200.00025767368 3.1051762888440433e-10 -0.4093389511185265 2.848639425456767e-07 -1.2358694140290893e-07
10400.000262726106 3.9160359308186304e-10 0.1338091015563598 3.881030140595598e-07 5.2243895265480234e-08
10600.00026777853 6.397903463642658e-10 -2.3814409866759925 -4.636762275245232e-07 -4.4083561939745053e-07
10800.000272830956 5.089430944883497e-10 2.292351576466583 -3.36183948790314e-07 3.821039465945475e-07
11000.00027788338 1.1854209661859837e-09 2.3872396153688356 -8.638337386512873e-07 8.11796858235514e-07
11200.000282935805 8.224808405663359e-10 -1.5883202659351032 -1.441236652244271e-08 -8.223545566177215e-07
11400.00028798823 6.154570545872036e-10 0.6008554603790973 5.076611570009604e-07 3.479476048395824e-07
11600.000293040655 4.279095852621225e-10 2.0128252628855154 -1.8304871063357098e-07 3.8678131120128967e-07
11800.00029809308 1.720903157439806e-10 -3.0371094933586655 -1.7115183814642165e-07 -1.7947843100607486e-08
12000.000303145505 8.398977271048299e-10 -2.934503542961635 -8.219521144825492e-07 -1.726931194157011e-07
12200.00030819793 5.545444247312802e-10 -2.399300155592495 -4.08655329908747e-07 -3.748604278097645e-07
12400.000313250355 4.5769441041057275e-10 -1.4326171356057529 6.304277788693469e-08 -4.5333186682317006e-07
12600.00031830278 8.396966540952838e-10 -2.1711020467437563 -4.743402470808178e-07 -6.928865714517229e-07
12800.000323355205 5.894464000193392e-10 -0.4913474952353641 5.197136481172038e-07 -2.7810929947857943e-07
13000.000328407632 1.0395986449821452e-09 -0.3603016072016199 9.728465697467215e-07 -3.665172497724356e-07
13200.000333460057 9.80721157751267e-11 0.11019617378577953 9.747726359421449e-08 1.0785312920535972e-08
13400.000338512482 3.172439365670912e-10 1.7124976828676894 -4.480360671355044e-08 3.1406424838564817e-07
13600.000343564907 8.384480940879295e-10 -3.0865868370131193 -8.371799928852397e-07 -4.609626874652051e-08
13800.000348617332 4.3900072779721976e-10 1.0498154380516471 2.185043295188649e-07 3.8075910624435494e-07
14000.000353669757 1.0085971597958934e-09 -1.0826287534056243 4.730404279396083e-07 -8.907867221075172e-07
14200.000358722182 8.385566770954068e-10 2.6089178108279145 -7.223761281371921e-07 4.258521224542733e-07
14400.000363774607 9.057051796637626e-10 -1.0100620926720236 4.816613854430329e-07 -7.670098970957717e-07
14600.000368827032 8.34076644410293e-10 -1.0009903419891817 4.499582405559366e-07 -7.022972522419124e-07
14800.000373879457 3.8161358423426033e-10 0.544131846748324 3.26499818847914e-07 1.9755200825199992e-07
15000.000378931882 6.312771854130675e-10 0.3681486632367834 5.889785961166183e-07 2.2718956432798976e-07
15200.000383984307 5.178283064336452e-10 0.4170315555617827 4.7344800224724537e-07 2.097454269156529e-07
15400.000389036732 7.504628549935582e-10 1.1881955970696432 2.8017361319854217e-07 6.96202013206193e-07
15600.000394089157 1.370640406547822e-09 1.5928621627691808 -3.024187211764229e-08 1.3703067369141841e-06
15800.000399141583 2.788834518575488e-10 2.9143223995278076 -2.717119882422736e-07 6.283768905213094e-08
16000.000404194008 2.4910143389775907e-10 -2.2342898093369854 -1.5341482972885956e-07 -1.9625344427343094e-07
16200.000409246433 5.770942440783981e-10 -2.541397890865301 -4.7623295995613546e-07 -3.259446799686039e-07
16400.00041429886 5.390535258083772e-10 -2.0373179883000243 -2.424567754344409e-07 -4.81449286771074e-07
16600.000419351283 3.6774853768355913e-10 0.9450166332775979 2.1540112948859047e-07 2.9806264506548885e-07
16800.000424403708 7.505442969061309e-10 -0.9027024396747425 4.6495529237855493e-07 -5.891802081769981e-07
17000.000429456133 1.027530567465514e-09 3.0706288907893997 -1.0249444052368162e-06 7.285625058806033e-08
17200.000434508558 2.0976235160566395e-10 -0.526589082541856 1.8134508661393767e-07 -1.0542392381296395e-07
17400.000439560983 6.012326748225584e-10 -2.986267741739278 -5.939946262634166e-07 -9.301136083550432e-08
17600.000444613408 3.046270217795521e-10 -2.129488013330931 -1.6147585957249078e-07 -2.583082832074979e-07
17800.000449665833 4.4400650306382335e-10 -1.9623764041674456 -1.6945480119101575e-07 -4.1039839804302147e-07
18000.000454718258 5.483952032765301e-10 -2.8068626951884657 -5.179587521109141e-07 -1.80155571904983e-07
18200.000459770683 4.504713080955423e-10 -0.278056040406003 4.3316908637791585e-07 -1.2364846146972752e-07
18400.000464823108 4.323836082637368e-10 1.8338635199158377 -1.1243852204856353e-07 4.1750827950437497e-07
18600.000469875533 1.5110171255491745e-10 2.7190253904440986 -1.3781067054186025e-07 6.196730284457885e-08
18800.000474927958 4.507372502954172e-10 2.4855898515715373 -3.5718072266544e-07 2.7492908205584143e-07
19000.000479980383 8.567323722402602e-10 -2.190471103271749 -4.975648345562078e-07 -6.974378775614909e-07
19200.000485032808 7.372891462090086e-10 -1.7522266871231886 -1.3303397683461782e-07 -7.251877316427624e-07
19400.000490085233 4.826592841741812e-10 -0.020426384886875492 4.825585959711276e-07 -9.858298732901005e-09
19600.000495137658 5.203085034743235e-10 2.619355218155954 -4.50954122599434e-07 2.59540590463736e-07
19800.000500190083 3.3283579839267425e-10 -1.5737797820491206 -9.929992383916897e-10 -3.328343171071779e-07
20000.00050524251 7.585935363656279e-10 -0.5425839658663362 6.496422917390277e-07 -3.917001993869462e-07
20200.000510294936 3.619066832482484e-10 2.138614465446813 -1.9463119016460695e-07 3.0511497373097995e-07
20400.00051534736 3.4210126465942843e-10 -0.07089331745362103 3.412419476989115e-07 -2.4232383544209313e-08
20600.000520399786 9.570672237210465e-10 -0.6050328479475848 7.871719180929659e-07 -5.443693985585085e-07
20800.00052545221 3.9701279239872666e-10 0.04864399255017271 3.9654317163240194e-07 1.930467197208685e-08
21000.000530504636 5.477363294178954e-10 2.4528968159666524 -4.228938040862218e-07 3.481033137298084e-07
21200.00053555706 4.124236540064327e-10 -2.2872224622375015 -2.708359801983917e-07 -3.1103238129492894e-07
21400.000540609486 8.626406042481541e-10 1.4067442452931935 1.4088405941858895e-07 8.510584550425193e-07
21600.00054566191 3.4043616408446253e-10 -2.532178487667927 -2.791520313794038e-07 -1.948612973201591e-07
21800.000550714336 5.436335994997678e-10 -2.4839607209831205 -4.3025441820443433e-07 -3.322929823523779e-07
22000.00055576676 5.685447618573926e-10 0.8843834900436164 3.6032462802371157e-07 4.397832519265066e-07
22200.000560819186 2.819760932431903e-10 -2.415031245450503 -2.1076672052089407e-07 -1.873176624922479e-07
22400.00056587161 4.4020629468316357e-10 -1.9567509020614404 -1.6571287064781615e-07 -4.0782450438925366e-07
22600.000570924036 3.3341837873866847e-10 1.935101790205263 -1.1879711014906036e-07 3.115366140615805e-07
22800.00057597646 1.0144772712520148e-09 3.140950231280151 -1.0144770619113785e-06 6.51722786848552e-10
23000.000581028886 3.8504412476019147e-10 -1.0265358636276014 1.99370284170719e-07 -3.2940927097158124e-07
23200.00058608131 3.28997512163497e-10 -2.7431378518753 -3.032243809375501e-07 -1.2764927659336678e-07
23400.000591133736 5.362652651664282e-10 -2.323312043324816 -3.665251477880105e-07 -3.9145849162203206e-07
23600.00059618616 6.59748793237496e-10 -2.0808399532593675 -3.2209946898564823e-07 -5.757780842108318e-07
23800.000601238586 2.097254327070322e-10 -1.643487549065308 -1.5231775618573806e-08 -2.0917158061184438e-07
24000.00060629101 7.777233935597794e-10 -2.1241284029524046 -4.087130853758225e-07 -6.616700769512818e-07
24200.000611343436 4.848113948638752e-10 -2.691232525198906 -4.364710448623299e-07 -2.1103344660655665e-07
24400.00061639586 6.451965990775134e-10 -0.34012085999229086 6.082360947123888e-07 -2.1523825066704916e-07
24600.000621448286 3.43450041518533e-10 2.800735739967077 -3.2369086255812363e-07 1.1481357287124183e-07
24800.00062650071 5.705800516282372e-10 -0.12188980880241619 5.663467070871064e-07 -6.937580765420392e-08
25000.000631553135 5.409677104733698e-10 0.6559510196922567 4.2869973326808974e-07 3.299433322112577e-07
25200.00063660556 1.4671093396328775e-10 -2.886336889435544 -1.4195731612431928e-07 -3.70434682928078e-08
25400.000641657985 5.274128857334168e-10 -2.2624430903602555 -3.3638730256857485e-07 -4.062116870651167e-07
25600.00064671041 6.76601143679308e-10 2.9826576379999565 -6.680735300523821e-07 1.0708345377086204e-07
25800.00065176284 7.178863000293337e-10 2.8057668740339774 -6.777840921845524e-07 2.365786637703593e-07
26000.000656815264 8.119583202704334e-10 -0.3035812458907752 7.74829118310727e-07 -2.4272649479240016e-07
26200.00066186769 4.385684725153337e-10 2.103342432177168 -2.2267371180273443e-07 3.7783425355097933e-07
26400.000666920114 2.1007347808655689e-10 -1.4397739134157235 2.744565053003356e-08 -2.082729038122011e-07
26600.00067197254 7.300160718117139e-10 -0.22561228788967902 7.11515507401117e-07 -1.6330691299248912e-07
26800.000677024964 4.69897418836656e-10 -2.760493356877145 -4.3618525014110787e-07 -1.747741736890518e-07
27000.00068207739 2.481457245907121e-10 1.2327909080333581 8.228661840803397e-08 2.3410513250166076e-07
27200.000687129814 6.720028310234628e-10 0.6747813160001274 5.247291013921185e-07 4.198180261205664e-07
27400.00069218224 1.2934395207832947e-09 1.02626875370621 6.700198413867042e-07 1.1063720920523323e-06
27600.000697234664 3.6731633733477646e-10 1.9964486119913603 -1.5167040745556193e-07 3.34540549373763e-07
27800.00070228709 1.0330453236676778e-09 3.096694138771331 -1.0320042526101858e-06 4.6366618877691224e-08
28000.000707339514 7.790982928869016e-10 2.5421066138033046 -6.43243580955577e-07 4.39581443578696e-07
28200.00071239194 7.116028538577368e-10 -2.6510763661758783 -6.276975925700867e-07 -3.352228421515946e-07
28400.000717444364 6.221667521427496e-10 -0.13507434725107734 6.164996355639829e-07 -8.37834519540337e-08
28600.00072249679 1.2575387458382188e-10 1.7392897665913056 -2.1088587098816447e-08 1.2397301507593994e-07
28800.000727549213 1.8509330718986905e-10 0.3741470752471517 1.722884941379732e-07 6.764766924405308e-08
29000.00073260164 1.570379898490629e-10 -3.0641304192291203 -1.5656708018951804e-07 -1.2152351902550151e-08
29200.000737654063 5.729549431658108e-10 0.527295520645204 4.951311137757486e-07 2.8830981091410024e-07
29400.00074270649 8.170451148903992e-10 2.102912124322409 -4.1453415755565715e-07 7.040768082999804e-07
29600.000747758913 1.1093728372632586e-09 -2.9266163051271117 -1.0838366719667647e-06 -2.3665620751955885e-07
29800.00075281134 1.949767432087842e-10 -2.6224189010218617 -1.6928454649178803e-07 -9.674023315753288e-08
30000.000757863763 7.751596952120391e-10 -2.7155517540094154 -7.058674375004514e-07 -3.203493620373976e-07
30200.00076291619 9.83402485373461e-10 -2.2092413666959554 -5.860562457549179e-07 -7.89695210223762e-07
30400.000767968613 5.096302871550936e-10 -1.0823715126096234 2.39136605628687e-07 -4.500407908558657e-07
30600.00077302104 5.983038746331681e-10 -2.702990921165913 -5.416722326234691e-07 -2.5408407822169465e-07
30800.000778073463 6.286366074989476e-10 -1.5554132335773072 9.66999413876124e-09 -6.28562228821572e-07
31000.000783125888 3.2973632386178186e-10 -0.28029433309981056 3.168680525744705e-07 -9.121776434195539e-08
31200.000788178313 1.0858279875653507e-10 -0.5337748785197289 9.347812801596689e-08 -5.524548640778448e-08
31400.00079323074 5.509352219904368e-10 -1.2106447218785894 1.9415845098347262e-07 -5.155890948627118e-07
31600.000798283167 8.562442828009563e-10 -1.2470659084204025 2.7237593769324775e-07 -8.117669741958267e-07
31800.00080333559 2.8719227654194073e-10 0.010971937818145195 2.871749901212084e-07 3.1509925779715786e-09
32000.000808388017 7.144900759808461e-10 -0.18651780671911397 7.020979052585474e-07 -1.3249377384116912e-07
32200.00081344044 2.7548907855844824e-10 2.559952914830791 -2.3018845607403193e-07 1.5135226161255844e-07
32400.000818492867 5.737899903958122e-10 0.8697708422999808 3.700955090168989e-07 4.3847949471320646e-07
32600.00082354529 4.5987909024066354e-10 0.5089310252777045 4.0159670833261885e-07 2.240733395497685e-07
32800.00082859772 2.9574337264437304e-10 1.7770496578012174 -6.05664940422912e-08 2.894751151005792e-07
33000.00083365014 2.682103054475405e-10 2.200288157619174 -1.5790454399589038e-07 2.1680157502590447e-07
33200.00083870257 3.0011501952676453e-10 2.3842895920152434 -2.1809098904590485e-07 2.061682454757019e-07
33400.00084375499 9.412803701525012e-10 3.0001071016987213 -9.31874724996451e-07 1.3273368881794312e-07
33600.000848807416 4.037373741931139e-10 0.7487818574744034 2.9574515991726e-07 2.748429873689062e-07
33800.00085385984 3.1970116265594314e-10 -3.0724029443745113 -3.189362286493136e-07 -2.2102385810462977e-08
34000.000858912266 4.5156791199825285e-10 -1.092525673461162 2.0783167681281967e-07 -4.008984575420982e-07
34200.00086396469 5.23893235652255e-10 -0.7418067707154309 3.862398009757406e-07 -3.5395329989196256e-07
34400.000869017116 7.258384898738067e-10 2.9076985724957773 -7.060748165588215e-07 1.6822564252727545e-07
34600.00087406954 1.0011982810407828e-09 1.9560624275787066 -3.76256066136893e-07 9.278089084796548e-07
34800.000879121966 5.581682194756223e-10 1.2676390371205242 1.6663275093087293e-07 5.327150153222604e-07
35000.00088417439 2.6111334934829596e-10 0.6256998595349678 2.1164632224568436e-07 1.5292486876816724e-07
35200.000889226816 7.428040379358335e-10 -0.3312502702048416 7.024225830432052e-07 -2.4157887656972576e-07
35400.00089427924 4.980602676429473e-10 -1.9156693109090421 -1.6838279232045394e-07 -4.687336828679278e-07
35600.000899331666 4.5547050474725637e-10 0.7306102354499396 3.392195453977287e-07 3.039465096277283e-07
35800.00090438409 4.3072309373293675e-10 0.469603452105612 3.8409637520553375e-07 1.9491628466816735e-07
36000.000909436516 6.130248633721813e-10 0.08357704121051951 6.108850826858081e-07 5.1175178206186445e-08
36200.00091448894 3.598145931892983e-10 2.139409119297272 -1.9374707505015465e-07 3.031973159206558e-07
36400.000919541366 5.355920423474564e-10 -0.28072006277806477 5.146269322908736e-07 -1.4838448836318463e-07
36600.00092459379 7.030826132910596e-10 1.1684097763361014 2.7533797164469576e-07 6.469267056496975e-07
36800.000929646216 7.774973220464066e-10 -2.366560578173471 -5.554429906018399e-07 -5.440451911198352e-07
37000.00093469864 1.4165585045232376e-10 -0.8797106908931641 9.028777009367772e-08 -1.0915355486140754e-07
37200.000939751066 4.922847989365278e-10 1.2718994969961162 1.4496119876694635e-07 4.7045783457821955e-07
37400.00094480349 1.2308471024827496e-09 -3.088845028815517 -1.2291351991766675e-06 -6.48941587133578e-08
37600.000949855916 5.045761263776091e-10 -1.941508787371622 -1.8279763047690523e-07 -4.703000038297489e-07
37800.00095490834 9.672337838327443e-10 -2.1303052232143203 -5.13378717870161e-07 -8.197459878678259e-07
38000.000959960766 9.261521804785896e-10 -0.5522893761765547 7.884571174843202e-07 -4.858942634911045e-07
38200.00096501319 7.577982069189862e-10 -1.7842241192590151 -1.6051011392237413e-07 -7.406042301649762e-07
38400.000970065616 8.736706487132655e-10 0.49491553102403957 7.688378872439117e-07 4.1495626945664554e-07
38600.00097511804 6.820090346732517e-10 -1.7234909505971268 -1.0373490599846491e-07 -6.740737293897681e-07
38800.000980170465 3.635044092067067e-10 2.8716291221662607 -3.503385059833164e-07 9.694527702830413e-08
39000.00098522289 2.5635261468453344e-10 -2.64351411214246 -2.2520631998146357e-07 -1.2246949210314995e-07
39200.000990275315 1.8888893806779908e-10 -0.6854253194054782 1.462283504283235e-07 -1.1956713785732376e-07
39400.00099532774 2.4232834116744097e-10 0.7153145131325117 1.829305153466798e-07 1.5893222293783538e-07
39600.001000380165 7.230469372572046e-10 0.14526029910878177 7.154319957014543e-07 1.0466103861350717e-07
39800.00100543259 8.347576433119857e-10 -2.85632717952118 -8.010225650001424e-07 -2.349109904375979e-07
40000.00101048502 1.59188011973896e-10 -0.7647588813617352 1.148620017987767e-07 -1.1021589585435976e-07
40200.00101553745 9.33319070722173e-10 -1.9208247678831651 -3.200579981599283e-07 -8.767253649732965e-07
40400.00102058987 2.270518921796461e-10 0.14516019878254421 2.246639296821229e-07 3.284327088071137e-08
40600.0010256423 6.4876677530587e-10 -2.0121381956287627 -2.771227647357932e-07 -5.866014848310286e-07
40800.00103069472 4.2420407636527685e-10 1.4684501847554092 4.333989578331199e-08 4.21984302834133e-07
41000.00103574715 4.4553272888970666e-10 1.3692507599293566 8.918845756378246e-08 4.365144116169617e-07
41200.00104079957 9.570266447935645e-10 1.9049370477887146 -3.138641009314824e-07 9.040958605099902e-07
41400.001045852 6.405497816981853e-10 -1.9322303937459782 -2.265086575525821e-07 -5.991642937352992e-07
41600.00105090442 1.1388967552385895e-09 2.56022992507099 -9.517931765512522e-07 6.254402994398944e-07
41800.00105595685 1.1480830069756157e-09 -1.0945218471605347 5.263632934515705e-07 -1.020311851451794e-06
42000.00106100927 2.105016078545542e-10 -1.6924023085309763 -2.553521008530346e-08 -2.0894707453145145e-07
42200.0010660617 3.471868585125696e-10 -3.032039212279494 -3.451054806924425e-07 -3.795947733920002e-08
42400.00107111412 4.5013337038474827e-10 0.4983679867910855 3.953808674628245e-07 2.151604535649554e-07
42600.00107616655 1.6064351295820663e-09 -0.6506979445751472 1.2781781320303498e-06 -9.730850365485821e-07
42800.00108121897 6.808804790487237e-10 0.022371408842984726 6.807101026462536e-07 1.523098502875797e-08
43000.0010862714 4.6425329332442285e-10 0.18426499538591665 4.5639403598030093e-07 8.506235527061534e-08
43200.00109132382 4.449383156105807e-10 0.6207211948909366 3.619391686915385e-07 2.5878590159678083e-07
43400.00109637625 3.490661381575525e-10 -0.03871631684101363 3.4880455393460075e-07 -1.3511179175473842e-08
43600.00110142867 6.458556935147463e-10 1.9962317798308922 -2.665559195591527e-07 5.882835358850258e-07
43800.0011064811 2.854063658540927e-10 3.045753707587763 -2.8409662530815005e-07 2.73111910864543e-08
44000.00111153352 1.0172952634873506e-09 -1.7749423625932659 -2.0623728885782455e-07 -9.961705846883717e-07
44200.00111658595 1.5040793572950956e-10 -0.2728979299525738 1.4484192184527345e-07 -4.053843616347308e-08
44400.00112163837 2.0387476842368698e-10 -2.859829777856677 -1.958353266773294e-07 -5.668726510421607e-08
44600.0011266908 7.273044376958594e-10 -1.2865553296141083 2.0395724487087818e-07 -6.981211838619217e-07
44800.00113174322 3.05930723652427e-10 0.3231280277681673 2.90097830590863e-07 9.714348336853362e-08
45000.00113679565 5.236868163247944e-10 -2.5292764289384446 -4.285428355232934e-07 -3.0099654435566947e-07
45200.00114184807 6.634540910750181e-10 2.695286540516278 -5.984672163394933e-07 2.86370951618764e-07
45400.0011469005 1.5085570205607785e-10 -1.6535204170666005 -1.2465172255504697e-08 -1.5033982281309477e-07
45600.00115195292 1.1068094907966846e-09 2.622036264840154 -9.607543745848712e-07 5.495255049892123e-07
45800.00115700535 8.116291678253767e-11 0.4557510001942642 7.287867781480273e-08 3.572278517438576e-08
46000.00116205777 7.552696542113021e-10 -1.3501961978065207 1.6526451676601717e-07 -7.369666817913512e-07
46200.0011671102 5.418763737182203e-10 -0.5115374558498991 4.7251236437451105e-07 -2.652584963902527e-07
46400.00117216262 4.338763190522118e-10 2.0518198361693063 -2.007488374700106e-07 3.84640825301652e-07
46600.00117721505 7.862400824729503e-10 -1.4900790613539125 6.339425855095282e-08 -7.836801868554844e-07
46800.00118226747 4.3094888367589487e-10 -2.812269242744971 -4.0779028148696383e-07 -1.3937010678866102e-07
47000.0011873199 2.5999431505488244e-10 -0.8314452245111676 1.7518640001157326e-07 -1.9211134560936927e-07
47200.00119237232 7.690793454720739e-10 2.269845309226992 -4.948948816030363e-07 5.886952486600094e-07
47400.001197424746 6.990407327602046e-10 -1.2182244696362563 2.413875751644534e-07 -6.560411455192039e-07
47600.00120247717 5.948342988999575e-10 -2.2918500316647092 -3.926956178706975e-07 -4.467862966262004e-07
47800.001207529596 3.2051231448190864e-10 1.9650825986453042 -1.2312458837204776e-07 2.959197179519535e-07
48000.00121258202 1.2877562631818873e-09 -1.5364776383418233 4.418543141093689e-08 -1.286997995730843e-06
48200.001217634446 7.467082118441587e-10 2.1183217385325355 -3.887183618045409e-07 6.375509303824245e-07
48400.00122268687 6.920970288292952e-10 0.9335787674938627 4.11770981652293e-07 5.56275971064224e-07
48600.001227739296 7.95850049578455e-10 -1.998517511984639 -3.3011729314719185e-07 -7.241545927350046e-07
48800.00123279172 3.473987176940923e-10 2.30795833339156 -2.3351774607049958e-07 2.572067870909578e-07
49000.001237844146 8.690808680537328e-10 0.22558084753871155 8.470621409711887e-07 1.9438951759376266e-07
49200.00124289657 1.120530403696704e-09 2.909968300053003 -1.090606409053646e-06 2.5722761543001127e-07
49400.001247948996 8.334755489866777e-10 0.276589492136516 8.017971106326349e-07 2.27602469538013e-07
49600.00125300142 9.146205837096835e-10 -2.471350171029212 -7.167616865103033e-07 -5.681403848489808e-07
49800.001258053846 7.433983045155044e-10 1.899965950682935 -2.403089627931593e-07 7.034860635135587e-07
50000.00126310627 5.364422792641938e-10 -1.570796375840432 -2.6310098774636757e-14 -5.364422792641932e-07
50200.001268158696 5.211431247722588e-11 0.8541282189006754 3.4232645341678025e-08 3.92941160720639e-08
50400.00127321112 3.593820347090654e-10 -0.8910926057055073 2.258941126081354e-07 -2.79512605727561e-07
50600.001278263546 6.059385076878827e-10 -1.5680322022979722 1.6748873399308195e-09 -6.05936192887846e-07
50800.00128331597 1.3054507713425154e-10 1.3131300232785241 3.326609614856535e-08 1.2623543088619016e-07
51000.001288368396 2.8272459979089644e-10 -3.0134146351537545 -2.804052512336841e-07 -3.613992816120515e-08
51200.00129342082 8.246200043628907e-10 -0.9152664088858777 5.026713741501654e-07 -6.536969031634143e-07
51400.00129847325 5.749398389312301e-10 -2.0467665349609607 -2.6343802687900375e-07 -5.110344649672527e-07
51600.00130352568 1.4401267432292566e-10 0.5232096989335301 1.2474664097539279e-07 7.195780660218531e-08
51800.0013085781 8.171166850020669e-10 1.9844214255799604 -3.284248165230652e-07 7.482090729205026e-07
52000.00131363053 1.1813393424499892e-10 1.45237696617167 1.3956672109682877e-08 1.1730659710273983e-07
52200.00131868295 4.803625401836044e-10 2.688822118384535 -4.3196051925653567e-07 2.101387156505652e-07
52400.00132373538 6.681249329634061e-10 2.416259169215619 -4.999433456248648e-07 4.432240711116364e-07
52600.0013287878 5.017053704307097e-10 -0.6743839637496862 3.918779319794785e-07 -3.1327298821715033e-07
52800.00133384023 1.9236965223496027e-10 -2.2817779595571 -1.2553618169985903e-07 -1.457626501721876e-07
53000.00133889265 6.302057596158554e-10 0.16720597441664548 6.214166700380108e-07 1.0488384838414078e-07
53200.00134394508 5.224656324612827e-10 -0.0808436349288336 5.207592245759507e-07 -4.219202676125633e-08
53400.0013489975 7.72681511880559e-10 -2.9583103790205936 -7.597396915193233e-07 -1.4082726984554483e-07
53600.00135404993 4.465279183981432e-10 2.2905253752858923 -2.9434269516182e-07 3.35782012195196e-07
53800.00135910235 7.354850430128503e-10 -0.6633578855940797 5.795099984190477e-07 -4.5288675210031215e-07
54000.00136415478 3.1591145295729616e-10 0.241112748491483 3.0677304138637673e-07 7.543438995671892e-08
54200.0013692072 8.302625814034574e-11 -1.2780938686422698 2.3956462258389877e-08 -7.949495239856219e-08
54400.00137425963 4.754503109197292e-10 -1.2234930288316765 1.6182586315416359e-07 -4.47063069564102e-07
54600.00137931205 5.896681665898346e-10 -0.6385917759294552 4.734657679250631e-07 -3.5148074384316885e-07
54800.00138436448 6.412833171677379e-10 -2.81075889740411 -6.065077040318112e-07 -2.0830914004843493e-07
55000.0013894169 7.187636243183825e-11 1.0829074049351508 3.3692919426675516e-08 6.349014614048798e-08
55200.00139446933 2.8827707611876313e-10 0.5927810871153665 2.3909417581902126e-07 1.610516926486838e-07
55400.00139952175 3.5908821281418775e-10 0.4983654601965624 3.1541052858408136e-07 1.7164073828901394e-07
55600.00140457418 9.121702523427e-10 3.0011513311337565 -9.031893125344137e-07 1.276856882448385e-07
55800.0014096266 4.763505905226251e-10 1.9246614798223396 -1.6506789157766377e-07 4.4683607314244256e-07
56000.00141467903 5.055371033783312e-10 -1.644850249990598 -3.740279788666534e-08 -5.041515581671874e-07
56200.00141973145 5.848471041753622e-10 3.122560758193633 -5.847411877479836e-07 1.1130076971177516e-08
56400.00142478388 6.471384553120792e-10 2.798358836900318 -6.09391711675622e-07 2.1778411807282794e-07
56600.0014298363 7.776144947880472e-11 0.2221034896169948 7.585133643406294e-08 1.712944208698275e-08
56800.00143488873 6.392124016146115e-10 -0.38470575224197523 5.924916640365208e-07 -2.39887728792354e-07
57000.00143994115 1.7064313536553496e-10 1.7896993544603952 -3.705668571996057e-08 1.6657095092131868e-07
57200.00144499358 8.4647877999233e-10 0.7439331986170262 6.228481819192666e-07 5.732246219913861e-07
57400.001450046 4.528204646585398e-10 -0.6984043013407252 3.4680124266772694e-07 -2.9116193311917726e-07
57600.00145509843 3.3654665209067254e-10 2.9314057195339105 -3.2913990960503625e-07 7.021801007311979e-08
57800.00146015085 2.440764483600462e-10 1.9004892560767246 -7.902036308626847e-08 2.30930930933404e-07
58000.00146520328 5.325249482121346e-10 -1.246014127389006 1.6992997806108967e-07 -5.046846768275159e-07
58200.0014702557 8.996715067836419e-10 1.6068171296997764 -3.2399882499145605e-08 8.990879087900083e-07
58400.00147530813 4.875510189669175e-10 2.8349114889945843 -4.648022602360413e-07 1.4718986030004544e-07
58600.00148036055 2.915805067198172e-10 -3.027727801245871 -2.8969234761033746e-07 -3.312907537189602e-08
58800.00148541298 4.717523302293408e-10 0.5605201437220311 3.995641769116709e-07 2.507961913700285e-07
59000.0014904654 5.265533988389305e-10 2.933335330485769 -5.151760056332222e-07 1.0886764922890535e-07
59200.00149551783 2.517945684570469e-10 -1.8778098204052074 -7.60956246348421e-08 -2.4002075038609405e-07
59400.00150057025 6.733768936296798e-10 -0.5321943380681678 5.802459623338585e-07 -3.4168854834426554e-07
59600.00150562268 3.01767372730592e-11 0.4633347462564094 2.6995115254280222e-08 1.3487002070711185e-08
59800.0015106751 6.203666482896291e-10 -1.4254088256141066 8.987614769084828e-08 -6.138216812612285e-07
60000.00151572753 6.392484505330792e-10 1.7016328845993223 -8.339865159578963e-08 6.337848581505767e-07
60200.00152077995 1.2713835589420215e-10 2.5808045174646894 -1.0766536229223078e-07 6.761901583107743e-08
60400.00152583238 3.677141503123425e-10 -0.34366136484590126 3.46212922608391e-07 -1.2389636216969535e-07
60600.0015308848 8.947292236590302e-10 -0.06098783724466716 8.93065759399736e-07 -5.453377904807155e-08
60800.00153593723 5.326191230373342e-10 -0.9307083065022741 3.181153143128057e-07 -4.271835402080981e-07
61000.00154098965 6.412395980716055e-10 -1.6178761599248794 -3.017830196849758e-08 -6.405290721156476e-07
61200.00154604208 2.1499743565844324e-10 -1.7637690242303115 -4.123161861935287e-08 -2.1100675573482164e-07
61400.0015510945 3.8193038521300785e-10 -2.8688810986918742 -3.678158030373524e-07 -1.0287057006230782e-07
61600.001556146926 3.970578435054016e-10 -0.9297159299518182 2.374650787118071e-07 -3.1822204116238595e-07
61800.00156119935 7.603113891509632e-10 0.21248385524264865 7.432120727179914e-07 1.6034095995376418e-07
62000.001566251776 4.15110424185619e-10 -1.1540275536657238 1.6803999236536526e-07 -3.7957769327690016e-07
62200.0015713042 1.342816238923838e-09 -1.0963381148672147 6.134744235941625e-07 -1.19448925617327e-06
62400.001576356626 8.882053845106135e-10 2.606568020327201 -7.640840734013388e-07 4.5286237848607414e-07
62600.00158140905 4.5774812720461725e-10 2.978515007767586 -4.51674854906603e-07 7.431805570945471e-08
62800.00158646148 6.611155783196029e-11 2.5508162943412263 -5.490621024506481e-08 3.6824531979284814e-08
63000.00159151391 6.621248553914406e-10 1.6165752991926186 -3.0300809250594085e-08 6.614311642838544e-07
63200.00159656633 7.123875246886073e-10 -1.4655528006183611 7.483584690826106e-08 -7.084458916173375e-07
63400.00160161876 4.564305206111664e-10 1.9677916830288926 -1.764784630098326e-07 4.20932503186755e-07
63600.00160667118 1.0486842842274388e-09 -0.3419419871366674 9.879709808591208e-07 -3.516419613269761e-07
63800.00161172361 4.35435393901029e-10 0.0925555018105632 4.335716417558366e-07 4.02444247926681e-08
64000.00161677603 2.7907306175650385e-10 -1.7999905413332888 -6.340341357491397e-08 -2.7177523975741025e-07
64200.00162182846 4.6183746227390936e-10 0.38142782427358146 4.286470881020854e-07 1.7191717605058443e-07
64400.00162688088 1.045605112448628e-09 1.7321909504503916 -1.6802336899601755e-07 1.0320165689803318e-06
64600.00163193331 3.5393250099256546e-10 -1.502561380149595 2.4131828813001022e-08 -3.5310886437045497e-07
64800.00163698573 2.4146957339029207e-10 1.1680153470589067 9.465082928539204e-08 2.221458426099332e-07
65000.00164203816 8.015638068998757e-10 -0.13921699000689772 7.938086420411494e-07 -1.1123118426326073e-07
65200.00164709058 5.990227557024958e-10 1.7411577817311368 -1.0155746887896555e-07 5.903510331695117e-07
65400.00165214301 3.421044684700678e-10 -2.0300740066796497 -1.5165516897841513e-07 -3.06653186954442e-07
65600.00165719543 3.021258922265831e-10 -1.1934988378018994 1.1130601612618918e-07 -2.8087546266597485e-07
65800.00166224786 2.847032406803522e-10 -0.3660228351767048 2.658439776648258e-07 -1.0189658872228335e-07
66000.00166730028 4.242988195896179e-10 0.9422592012735161 2.49471618696262e-07 3.4321043074214685e-07
66200.00167235271 8.277775855533087e-10 2.6135877898413016 -7.150458345983601e-07 4.1704338571424415e-07
66400.00167740513 4.105443027058079e-10 -2.093473485982057 -2.049443910689952e-07 -3.5573082668438616e-07
66600.00168245756 4.239882828069259e-10 1.057200177316301 2.0831078695326966e-07 3.6928671787173073e-07
66800.00168750998 1.0355496775971985e-09 -2.4346390761843857 -7.873741031394488e-07 -6.726107020238459e-07
67000.00169256241 1.9255549475658905e-10 -2.1854136476125086 -1.1103634001141671e-07 -1.5731671798580038e-07
67200.00169761483 3.5776265828028796e-10 -0.6065912548873423 2.9393637301922126e-07 -2.0394981803395495e-07
67400.00170266726 3.480551509719135e-10 -1.7807378648296688 -7.253564082709829e-08 -3.4041293883735335e-07
67600.00170771968 5.119992205579234e-10 -2.08718799329906 -2.527973259613958e-07 -4.4523781717042965e-07
67800.00171277211 4.023063577364678e-10 2.1202429073563587 -2.1009055350962313e-07 3.430923560809873e-07
68000.00171782453 1.9995476527879106e-10 -2.7981095151529503 -1.8827488101891277e-07 -6.733852786489081e-08
68200.00172287696 1.2390336447710983e-09 -0.8774220476154698 7.919109492604548e-07 -9.529330623481158e-07
68400.00172792938 2.914085037937865e-10 -2.52343106926708 -2.374819803030448e-07 -1.6888228182576626e-07
68600.00173298181 7.664122934265344e-10 -1.317982838881291 1.917019404329423e-07 -7.420499777976985e-07
68800.00173803423 8.28208894054963e-10 -2.1385215456347426 -4.453407709270607e-07 -6.982847341463483e-07
69000.00174308666 1.8229953878344079e-10 1.4644402444903761 1.9352132563099644e-08 1.8126945910967862e-07
69200.00174813908 2.7623845586579864e-10 2.20575813542609 -1.638499470546506e-07 2.223980201110365e-07
69400.00175319151 3.8025155269566114e-10 0.8685974720774022 2.456036813924811e-07 2.902930846815366e-07
69600.00175824393 1.3920517018732314e-09 -0.8286903784230744 9.408064381988268e-07 -1.0260074008172637e-06
69800.00176329636 2.2074276543066077e-10 -2.8864420559361106 -2.1359628399331143e-07 -5.571351680000447e-08
70000.00176834878 3.167631447856635e-10 1.1084791076962226 1.4128373149180362e-07 2.8350978309443775e-07
70200.0017734012 3.443615624776009e-10 -1.1685163724243661 1.3482351102211965e-07 -3.168714354240265e-07
70400.00177845363 8.232887201056678e-10 -0.5136597946198984 7.170449889404296e-07 -4.045377615113921e-07
70600.00178350606 6.429589551655379e-10 1.1044476589834735 2.8909226013063005e-07 5.74301212918904e-07
70800.00178855848 2.1077730299681633e-10 0.38395574155964 1.9543063034532793e-07 7.895530496071501e-08
71000.0017936109 4.427101464765684e-10 1.3630145994347458 9.132660949706661e-08 4.331878624697083e-07
71200.00179866333 3.0679181550932173e-10 2.8238223009661736 -2.9143210855675505e-07 9.58568941999971e-08
71400.00180371576 1.263384588230346e-10 2.6387448451211872 -1.106994875765821e-07 6.088538107018593e-08
71600.00180876818 5.242693382773395e-10 -0.8662352380009131 3.3956898159992477e-07 -3.994386633676683e-07
71800.0018138206 4.057746943804809e-10 -1.810237576888393 -9.623346741705063e-08 -3.9419820185848664e-07
72000.00181887303 3.037326491335934e-10 2.382311376348994 -2.2030669610817455e-07 2.0908965014942993e-07
72200.00182392546 5.309431133745116e-10 -1.2711714205723132 1.5671414899109948e-07 -5.072881480439051e-07
72400.00182897788 1.4530052616525772e-10 -2.6512058588707017 -1.281769691496848e-07 -6.843177247084498e-08
72600.0018340303 4.413448116421265e-10 -2.637427435025063 -3.8643182642683627e-07 -2.1320339183006354e-07
72800.00183908273 7.395579197738884e-10 -1.0428417573822593 3.725652243380395e-07 -6.388591944350708e-07
73000.00184413516 4.644274071083902e-10 -0.9712123106490593 2.620759670390882e-07 -3.834175321681954e-07
73200.00184918758 3.454483267020601e-10 -1.6294772976056422 -2.0259611321904458e-08 -3.448537292394249e-07
73400.00185424 5.306371367394614e-10 2.4530911071333015 -4.097574505257384e-07 3.3715664404798673e-07
73600.00185929243 3.276330918028678e-10 2.86287209951982 -3.149891520948245e-07 9.014031787657473e-08
73800.00186434486 5.974327679786172e-10 0.41287862593013724 5.472302400111317e-07 2.3971853635451623e-07
74000.00186939728 9.555919107087828e-10 2.088975465333105 -4.733038482251928e-07 8.301441845048885e-07
74200.0018744497 3.406922997763432e-10 -1.131453922932744 1.4491156585805243e-07 -3.083372848156074e-07
74400.00187950213 1.0209581178215821e-10 2.055145499561193 -4.753912707933239e-08 9.035256598455277e-08
74600.00188455456 9.65401739425073e-10 2.780711958981737 -9.032165591005281e-07 3.408817476069359e-07
74800.00188960698 3.5615837976580646e-11 -0.9517190715418629 2.0667297762066994e-08 -2.9006046231572213e-08
75000.0018946594 6.733667036667883e-10 3.005250106313547 -6.671176885353347e-07 9.152435331838404e-08
75200.00189971183 5.702834664274359e-10 2.9538938312362926 -5.602671402371584e-07 1.0641411396505873e-07
75400.00190476426 5.471845805194732e-10 2.7843167543488785 -5.126315051340313e-07 1.913632804440013e-07
75600.00190981668 3.608671517066403e-10 -0.4623560282546494 3.229775649149502e-07 -1.6096767918583055e-07
75800.0019148691 7.952655543598825e-10 -0.9679049246846998 4.509366334781717e-07 -6.550598862231638e-07
76000.00191992153 3.6733346086375163e-10 3.0294272890853966 -3.6502515865510787e-07 4.1115751470144346e-08
76200.00192497396 5.220422760798062e-10 0.3695350490500455 4.86802009702636e-07 1.8855222450042675e-07
76400.00193002638 4.271026859912559e-10 -1.6585627991108776 -3.7437190014699695e-08 -4.254587655516673e-07
76600.0019350788 7.286750496987945e-10 0.0003810904451569834 7.286749967860828e-07 2.7769109234299094e-10
76800.00194013123 2.650910235011114e-10 0.15216358788082043 2.620280137310971e-07 4.018172172770562e-08
77000.00194518366 1.2764164258312041e-09 0.48298836041876886 1.1304084294172512e-06 5.928032345003942e-07
77200.00195023608 5.271456984918314e-10 0.20514993932242018 5.160916908275581e-07 1.0738693634326779e-07
77400.0019552885 7.371424535738258e-10 -2.685548410317167 -6.618076985320798e-07 -3.2463759336298637e-07
77600.00196034093 6.420893120460543e-11 2.030699429185853 -2.849985836217428e-08 5.753733500757363e-08
77800.00196539336 2.6664160720514e-10 1.6168138208129144 -1.2265848448045347e-08 2.663593355878291e-07
78000.00197044578 3.7116621529325467e-10 1.9625200815387376 -1.4170464157636786e-07 3.4305124096967177e-07
78200.0019754982 4.4085417425211356e-10 -1.228647823779154 1.4791179170359214e-07 -4.153004994345011e-07
78400.00198055063 6.664827537066959e-10 -1.844104849580382 -1.7989611111879356e-07 -6.417450040263617e-07
78600.00198560306 7.00048077819043e-10 1.1423523067678916 2.908391503186891e-07 6.367730364109647e-07
78800.00199065548 1.0571759067696604e-09 -2.487130713877833 -8.387375457497015e-07 -6.435372772450876e-07
79000.0019957079 1.0305982048055064e-09 -2.2722321726832715 -6.650607055069813e-07 -7.872908723838279e-07
79200.00200076033 1.234615271076197e-09 -1.0063632591552216 6.604412724486863e-07 -1.0431165770041773e-06
79400.00200581276 1.6280413611966732e-10 -0.09975550978482707 1.6199476249312283e-07 -1.6213687503707774e-08
79600.00201086518 3.107053352396481e-10 -1.7511640418026089 -5.573784500612078e-08 -3.0566500941464625e-07
79800.0020159176 2.520127381800389e-10 1.6152912064342597 -1.1209576822324152e-08 2.517633126419838e-07
80000.00202097005 5.650421741183812e-10 1.7219033312832115 -8.505727588925538e-08 5.586035430882319e-07
80200.00202602247 2.198792771725623e-10 0.2605855380689553 2.124559949079341e-07 5.665109670260904e-08
80400.0020310749 2.981669447907475e-10 -2.734972222348569 -2.738552202785627e-07 -1.1792728815684939e-07
80600.00203612732 3.711725317574925e-10 2.967915123645972 -3.655885864040087e-07 6.414073450144997e-08
80800.00204117974 8.075189786169389e-10 -0.3413681040694686 7.609231457150756e-07 -2.703384307523038e-07
81000.00204623217 5.690404720856889e-10 2.2271830927322456 -3.472617445821058e-07 4.507952302557072e-07
81200.0020512846 3.3407341564772706e-10 -2.901978152365746 -3.24528783401945e-07 -7.928502876453081e-08
81400.00205633702 4.804250692035924e-10 2.343030636477913 -3.3521060327501573e-07 3.4415417848876473e-07
81600.00206138944 6.517397156926965e-10 0.4986952508939049 5.723626052001052e-07 3.11714140166508e-07
81800.00206644187 5.298619429783452e-10 1.080729718452308 2.493978873419067e-07 4.6749799187395524e-07
82000.0020714943 3.197534599323852e-10 2.210811659278448 -1.9095924097545236e-07 2.564699659313163e-07
82200.00207654672 3.919899527411601e-10 1.8216510923375544 -9.730447414479926e-08 3.7972090061177965e-07
82400.00208159914 3.217397078464297e-10 -2.5176686176191714 -2.6112143525214293e-07 -1.8796817724542336e-07
82600.00208665157 3.935119581855016e-10 1.7510653162251408 -7.055441586523159e-08 3.8713529371126043e-07
82800.002091704 7.038369536673461e-10 0.5612198380725462 5.958729537569596e-07 3.745956224099345e-07
83000.00209675642 3.546322240771204e-10 0.8273527071746308 2.400246336131673e-07 2.610597433783113e-07
83200.00210180884 7.359946120329977e-10 0.23787314307387553 7.152699877943647e-07 1.734269687858614e-07
83400.00210686127 5.057628191876452e-10 0.835701736646938 3.391935381458211e-07 3.7515833051227077e-07
83600.0021119137 5.291490114979726e-11 1.1913589282501438 1.959957052211081e-08 4.915123191784332e-08
83800.00211696612 1.008136874620815e-09 -1.5378126949143527 3.3245986630348057e-08 -1.0075885382154759e-06
84000.00212201854 9.595887383374536e-10 0.7405250984918104 7.082862556462288e-07 6.474110956777857e-07
84200.00212707097 4.717092649026705e-10 -2.7975551704145003 -4.4406735510982287e-07 -1.5910315748213222e-07
84400.0021321234 4.2360519339081007e-10 -0.4586220779986771 3.798312613323418e-07 -1.875355240543719e-07
84600.00213717582 6.719141682864824e-10 0.9060474895344777 4.144779609527305e-07 5.288446552897952e-07
84800.00214222824 6.60089289611593e-10 -0.2979039871509802 6.310148675803262e-07 -1.9374753457146454e-07
85000.00214728067 4.907508023370292e-10 -1.6045695701614335 -1.6571095606821018e-08 -4.904709459130352e-07
85200.0021523331 8.308177885175713e-10 -2.171986890463693 -4.699310520717148e-07 -6.851445132349809e-07
85400.00215738552 4.557623912956695e-10 -1.9786139436303907 -1.8075849606002947e-07 -4.1838465963950355e-07
85600.00216243794 4.855205294990548e-10 -1.1514499799767821 1.9768624903715448e-07 -4.4345273875201485e-07
85800.00216749037 1.5825717929270004e-10 -0.972808300043717 8.909574999993453e-08 -1.307948092610367e-07
86000.0021725428 4.134013722553879e-10 -2.2018179596108913 -2.438943901283963e-07 -3.3379068448136096e-07
86200.00217759522 5.202726136099485e-10 1.5388910267967262 1.6596637730792452e-08 5.200078307954215e-07
86400.00218264764 8.170391440381203e-10 0.08798663548899334 8.138785690947614e-07 7.179580530092267e-08
86600.00218770007 4.004517906273619e-10 -2.1320245905814814 -2.1313103482079043e-07 -3.3902330098811717e-07
86800.0021927525 2.6267033949074507e-10 1.8226742978184052 -6.546351927205762e-08 2.5438206480155046e-07
87000.00219780492 3.5335972535889425e-10 2.862655706107743 -3.3970190405074874e-07 9.729189015539319e-08
87200.00220285734 7.714438064312837e-10 1.529923993363468 3.152193028821415e-08 7.707995293149139e-07
87400.00220790977 4.700391668219214e-10 -1.2580016987604317 1.4463991648838714e-07 -4.4723160991244626e-07
87600.0022129622 5.051099124280931e-10 1.2726660914926464 1.48367670482763e-07 4.828281868207718e-07
87800.00221801462 5.430803523954665e-10 -1.7368330644770784 -8.975755072526681e-08 -5.356116608568051e-07
88000.00222306704 4.0891675027016594e-10 1.4839266213539584 3.547781701751518e-08 4.0737480672126125e-07
88200.00222811947 1.906679398269782e-10 2.88626960323819 -1.8448682026495078e-07 4.815471343899702e-08
88400.0022331719 4.2720599468822757e-10 -2.314468438517503 -2.8921636441303633e-07 -3.144182826320119e-07
88600.00223822432 3.057090178968313e-10 0.07434540643375773 3.048645434988728e-07 2.270712973206912e-08
88800.00224327674 1.740218631671298e-10 1.4798218735795903 1.5809714981607215e-08 1.7330222668032746e-07
89000.00224832917 5.294857074918745e-10 -2.4026137781513963 -3.9137291119040185e-07 -3.5662635744504456e-07
89200.0022533816 3.36284614535834e-10 -0.18233379197343885 3.307100904237359e-07 -6.097686500172728e-08
89400.00225843402 6.545711788428809e-10 0.32722388776385014 6.198385040789844e-07 2.1038929876038281e-07
89600.00226348644 3.979413985344975e-10 2.0445786502842918 -1.8156284731229988e-07 3.5410773663313577e-07
89800.00226853887 3.933494775829072e-10 -0.7740933068526628 2.812665768070488e-07 -2.7497804327980546e-07
90000.0022735913 4.1156626007219797e-10 -1.4835956237573598 3.584340158013788e-08 -4.100024841302563e-07
90200.00227864372 5.283518990117246e-10 -0.8823476355279961 3.356830828860069e-07 -4.080105354686836e-07
90400.00228369614 3.8447883911164737e-10 -0.4925986367936018 3.3876695615386865e-07 -1.8182664035526486e-07
90600.00228874857 9.191089354920504e-10 0.5578389188495421 7.797730026126715e-07 4.865339656157097e-07
90800.002293801 4.2961660715399003e-10 0.9052622853974807 2.652793579249746e-07 3.3793089737610416e-07
91000.00229885342 6.050178833042386e-10 1.2144777350640474 2.1104623171286363e-07 5.670151031478277e-07
91200.00230390584 3.5406954019811107e-10 0.12424381604797835 3.513402520027853e-07 4.387786023407614e-08
91400.00230895827 5.207692420697353e-10 -0.8900828492214693 3.277448958893814e-07 -4.047022197917194e-07
91600.0023140107 8.097671719205766e-10 -2.596667458249913 -6.924854087930754e-07 -4.197461510591083e-07
91800.00231906312 9.61529258144441e-10 -0.9299858100915359 5.748458027365899e-07 -7.707728701400463e-07
92000.00232411554 4.664358700231345e-10 -2.007413682154456 -1.97244805821839e-07 -4.226782552019248e-07
92200.00232916797 3.903652928894092e-10 -2.3186294356957973 -2.654685696823478e-07 -2.8620185255068264e-07
92400.0023342204 2.2805936286443098e-10 -1.9723609182037043 -8.913904292473518e-08 -2.0991737426090396e-07
92600.00233927282 6.582294234480734e-10 -0.9776304437668856 3.6794293567510294e-07 -5.457874769354554e-07
92800.00234432524 1.3969543245108086e-09 -0.29280076547636186 1.3374988770964436e-06 -4.0320979469155027e-07
93000.00234937767 6.949482290039216e-10 2.2071236376883765 -4.129699078259108e-07 5.589355027424414e-07
93200.0023544301 6.310440677638601e-10 -2.2594708803111763 -4.0103757825704633e-07 -4.872222042207053e-07
93400.00235948252 8.749727930226901e-10 0.9711353602506685 4.938019418920803e-07 7.223136650469364e-07
93600.00236453494 3.121106555442627e-10 0.25050643811676526 3.023687464853708e-07 7.73705528811508e-08
93800.00236958737 7.99560486159307e-10 2.5084819751406906 -6.445984375158531e-07 4.7306429307170106e-07
94000.0023746398 1.1056853023916642e-09 0.726195778618217 8.267274504980548e-07 7.342082201378108e-07
94200.00237969222 3.2451241521134677e-10 -1.8854152553726282 -1.0042170628388192e-07 -3.0858351954266006e-07
94400.00238474464 4.731973261995253e-10 -2.978695719161486 -4.669329540796241e-07 -7.674194366091847e-08
94600.00238979707 1.0970967004567467e-10 -3.082027328949222 -1.0951510109880047e-07 -6.5310284680375474e-09
94800.00239484949 4.5984092428340627e-10 2.9706529892540234 -4.5313890706388804e-07 7.822280070901577e-08
95000.00239990192 6.198702306528287e-10 0.16630228172787775 6.113182630107517e-07 1.0261132568634146e-07
95200.00240495434 2.1984143180724418e-10 -1.0587907898635436 1.0770616198918503e-07 -1.9164977904662095e-07
95400.00241000677 5.123921231326534e-10 -1.887169280421699 -1.5941624598170279e-07 -4.86962163176452e-07
95600.00241505919 6.412674046808861e-10 1.1283283837598899 2.7457213236381506e-07 5.795118880880246e-07
95800.00242011162 7.283163359852086e-10 3.020094777678738 -7.229473395486963e-07 8.827134020950034e-08
96000.00242516404 3.1074088528934237e-10 -2.476826800344873 -2.4457210834327725e-07 -1.916882406693965e-07
96200.00243021647 5.311144940477656e-10 -1.6192178013964647 -2.570729851214537e-08 -5.304919797610719e-07
96400.00243526889 5.576850334873491e-10 -2.915999659635528 -5.435542065335142e-07 -1.247454253089364e-07
96600.00244032132 9.806671896939762e-10 -0.779656522632423 6.974064308273853e-07 -6.89443548945734e-07
96800.00244537374 1.0445211794545671e-09 -2.568953541859987 -8.778927848007712e-07 -5.659759294562861e-07
97000.00245042617 8.574738206071371e-10 1.87281274148425 -2.5505212297716184e-07 8.186634031098761e-07
97200.00245547859 7.111241140715178e-10 0.3985870134320237 6.553793203689651e-07 2.7599900732921956e-07
97400.00246053102 1.5632514067180138e-10 1.3699933545206489 3.1180023674082236e-08 1.5318405834074955e-07
97600.00246558344 4.026759337239169e-10 -0.24100657130655725 3.910378817417737e-07 -9.611078317928179e-08
97800.00247063587 9.50692941597617e-10 3.117468808192731 -9.504163224205442e-07 2.2932145127274595e-08
98000.00247568829 2.2164048114026102e-10 -0.833263184236597 1.4904528111703286e-07 -1.640426988830379e-07
98200.00248074072 1.1553330948290857e-09 -0.6405652528739414 9.262976246038335e-07 -6.904833601620308e-07
98400.00248579314 5.236752680113372e-10 -2.166999724942348 -2.940462503486785e-07 -4.333273462206466e-07
98600.00249084557 2.1042934030099135e-10 0.5282227122999729 1.817487019772912e-07 1.0605619542997102e-07
98800.00249589799 5.387883467812325e-10 -0.8768249321927595 3.446063739920291e-07 -4.1417306724522707e-07
99000.00250095042 4.546491148815764e-10 0.31005038684538866 4.329706256855914e-07 1.3871645524604626e-07
99200.00250600284 3.2699590815839123e-10 -3.1228548108001797 -3.269385046023032e-07 -6.126839376119353e-09
99400.00251105527 2.585920644792585e-10 -1.6003755352832725 -7.647833255575165e-09 -2.5847894780453573e-07
99600.00251610769 5.821213925703803e-10 -0.3688394407473065 5.429716296578846e-07 -2.0987406956253507e-07
99800.00252116012 6.263921989986222e-10 2.4566385631130214 -4.851082433532383e-07 3.9627916826028703e-07
100000.00252621254 5.960464478601256e-11 -1.887890056203262e-05 5.960464477539063e-08 -1.1252701618835636e-12
