# Frequency - Magnitude - Phase - Real part - Imaginary part
-99800.00252116012 6.368393321980857e-10 0.15218622748275734 6.294787492366893e-07 9.654449385602948e-08
-99600.00251610769 1.7873639603077035e-10 2.8802623361898054 -1.7266778140623273e-07 4.617939508393121e-08
-99400.00251105527 3.2667922210547657e-10 -1.4436423997052066 4.142670306794827e-08 -3.24041883756343e-07
-99200.00250600284 3.7911165660417233e-10 1.697371445344911 -4.7858072504958216e-08 3.760787857208514e-07
-99000.00250095042 3.342391302363104e-10 -1.4244130146227731 4.8752482717517864e-08 -3.306644698330974e-07
-98800.00249589799 1.721420560252075e-10 2.4150616047520503 -1.2867330390076148e-07 1.1435063758391539e-07
-98600.00249084557 3.6545765663070975e-10 -0.6934702144854338 2.810487989002297e-07 -2.3360409120293246e-07
-98400.00248579314 2.5282827720972374e-10 1.5224877745340695 1.2209018018793927e-08 2.525333198527546e-07
-98200.00248074072 4.930973372306178e-10 -1.0116352237492332 2.615759339130719e-07 -4.179988215072261e-07
-98000.00247568829 1.3899066229596678e-09 0.991609638346634 7.607562874101248e-07 1.16322409350611e-06
-97800.00247063587 3.7740197292436284e-10 2.831629479316501 -3.594168076492821e-07 1.1511649554429848e-07
-97600.00246558344 3.398620374195192e-10 0.1928865887925552 3.335592914099905e-07 6.514908743038283e-08
-97400.00246053102 6.168762208510688e-10 -1.2540403074066646 1.9214806568079723e-07 -5.861871652523831e-07
-97200.00245547859 3.9423925957231447e-10 1.7553750527993344 -7.235568999508502e-08 3.8754257561390837e-07
-97000.00245042617 3.5025760658549205e-10 -0.6158457988042224 2.859100878271903e-07 -2.0232600586589378e-07
-96800.00244537374 2.265644967657132e-10 0.5978288988414203 1.872690518212039e-07 1.275216586493766e-07
-96600.00244032132 2.1195035397866235e-10 2.7661682049520406 -1.9718845145622055e-07 7.771529555999912e-08
-96400.00243526889 7.470480078154218e-10 0.7955799272028878 5.228369818199852e-07 5.335936810180186e-07
-96200.00243021647 4.173163212407579e-10 -2.797621877388422 -3.92871197352207e-07 -1.407307154283055e-07
-96000.00242516404 8.376191639003663e-10 0.2796457549087156 8.050804031212166e-07 2.3119560602080647e-07
-95800.00242011162 6.329876581972112e-10 -1.6085509467254973 -2.3892531397784467e-08 -6.325365778936387e-07
-95600.00241505919 9.853864624094648e-10 0.42885699101137265 8.961514832428463e-07 4.097548039760923e-07
-95400.00241000677 9.257229908403745e-10 2.366317681306063 -6.611778399223667e-07 6.479250880819798e-07
-95200.00240495434 3.8717005728191287e-10 0.9499160046603625 2.2523672693619545e-07 3.149112098588258e-07
-95000.00239990192 5.894839966148947e-10 -1.1504044093946926 2.40579193122592e-07 -5.381570719609208e-07
-94800.00239484949 5.687156966725666e-10 -0.7865785313375361 4.01667769267533e-07 -4.0261712180855724e-07
-94600.00238979707 2.895307955517685e-10 1.277816104556994 8.361844250348582e-08 2.7719314141250173e-07
-94400.00238474464 1.3512429035345978e-09 -1.1752421570150275 5.206604108964896e-07 -1.2469042147966736e-06
-94200.00237969222 8.629664486241057e-10 1.3345037105039557 2.0202034078931064e-07 8.389868135783018e-07
-94000.0023746398 4.30655714101294e-10 -0.8562531374013368 2.821968092536764e-07 -3.253141634407264e-07
-93800.00236958737 5.522539758616766e-10 2.8191869653794446 -5.237995994722411e-07 1.7498123741632732e-07
-93600.00236453494 2.3176695739309744e-10 -1.812287409978258 -5.542723180429476e-08 -2.250416506199837e-07
-93400.00235948252 8.645260566014779e-10 0.7911745337122994 6.077708922802572e-07 6.148331847255495e-07
-93200.0023544301 1.0329848476238343e-09 1.0522068586036828 5.120046804307776e-07 8.971671542346016e-07
-93000.00234937767 6.379733515540457e-10 0.721703620289211 4.789146633710217e-07 4.2148634912808625e-07
-92800.00234432524 3.274047387464719e-10 0.6957846482934946 2.512998307224734e-07 2.0986247409315872e-07
-92600.00233927282 3.756916127979788e-10 -2.9365459429011325 -3.6782142753821745e-07 -7.649565589296081e-08
-92400.0023342204 6.152681030007961e-10 2.203367982294906 -3.6375928524901013e-07 4.962197305280469e-07
-92200.00232916797 3.265103533894424e-10 1.2511982736388478 1.0258465310553078e-07 3.099764504244096e-07
-92000.00232411554 5.724084468699624e-10 -1.2033843568912335 2.0560987679107967e-07 -5.342059608559602e-07
-91800.00231906312 5.031313064530819e-10 2.652632539567464 -4.4417527489404307e-07 2.3632485418589866e-07
-91600.0023140107 8.132471065150253e-10 -2.0281969054987377 -3.5914406604220517e-07 -7.296481316920733e-07
-91400.00230895827 8.551316435259919e-10 2.536287121775141 -7.031989373018632e-07 4.86581321401669e-07
-91200.00230390584 7.21341125775664e-10 3.1300163018196505 -7.212927921607104e-07 8.350312108440505e-09
-91000.00229885342 1.0819306804679693e-09 -2.0715730550358407 -5.194425333199248e-07 -9.490803190015384e-07
-90800.002293801 3.805042227669846e-10 -2.279905962191528 -2.4776848062124657e-07 -2.887806149209915e-07
-90600.00228874857 5.071788921115674e-10 -0.9508161277098265 2.946805954806564e-07 -4.1278780898990064e-07
-90400.00228369614 4.3126010984686585e-10 -1.83971046445725 -1.1457923754232269e-07 -4.1576060499926015e-07
-90200.00227864372 4.582890470540359e-10 -3.0916555550677445 -4.5771774492830986e-07 -2.287611478024587e-08
-90000.0022735913 7.302644888212356e-10 0.3462877283384389 6.869153804656136e-07 2.4785778929281577e-07
-89800.00226853887 2.12476648864758e-10 -2.3603350340740974 -1.5086448013068576e-07 -1.4962030259191295e-07
-89600.00226348644 3.4856496702179255e-10 2.3438735774533734 -2.4341725302079453e-07 2.4949063542889505e-07
-89400.00225843402 5.406036465082164e-10 -1.1980045301503197 1.9689697761116065e-07 -5.034718292273865e-07
-89200.0022533816 8.061930430939877e-10 1.3472587078232576 1.7871736046615183e-07 7.861344209492138e-07
-89000.00224832917 7.525555475794241e-10 -2.6237648634190767 -6.538928507549002e-07 -3.7251039169960976e-07
-88800.00224327674 4.94738666189728e-10 -0.22456163863643963 4.823166760425934e-07 -1.1016792561546751e-07
-88600.00223822432 9.527130734707933e-10 -2.8099282209045193 -9.007918168046913e-07 -3.1021976587553013e-07
-88400.0022331719 7.03152770743262e-10 -1.0049913177004184 3.769570671163791e-07 -5.935715530203112e-07
-88200.00222811947 1.53251210865821e-10 1.499547418188111 1.0909745662424086e-08 1.52862392632791e-07
-88000.00222306704 5.053530924201035e-10 -2.144109369271614 -2.7411278336053613e-07 -4.245514456657773e-07
-87800.00221801462 1.5913207231383789e-10 1.617944135177135 -7.49994910620444e-09 1.5895523647335708e-07
-87600.0022129622 9.981710449720645e-11 2.6196414661648926 -8.652625960170468e-08 4.976606021722674e-08
-87400.00220790977 1.1336474566897878e-09 -2.9363601817519247 -1.1098563167388775e-06 -2.3103140966984625e-07
-87200.00220285734 7.47562616825359e-10 -1.1013583736882473 3.381861971574196e-07 -6.66693304396393e-07
-87000.00219780492 5.009732525125861e-10 -0.7373404331560196 3.7085008852688617e-07 -3.368150999771835e-07
-86800.0021927525 1.1991510212679824e-09 0.6567164188929236 9.497290334170572e-07 7.321051392339406e-07
-86600.00218770007 1.6949901529534532e-10 -3.041812408058132 -1.6865594076875823e-07 -1.6884603326605685e-08
-86400.00218264764 6.960755402878438e-10 2.7493826338154883 -6.432201424821926e-07 2.6606203429313524e-07
-86200.00217759522 8.300035716592617e-10 1.461554286132816 9.049104898739557e-08 8.250559369038513e-07
-86000.0021725428 1.4320753991562478e-10 2.2402198438240943 -8.886515101558246e-08 1.1230042040732968e-07
-85800.00216749037 1.8173699992268892e-10 -2.52011723746904 -1.4775587064974616e-07 -1.0581370341045115e-07
-85600.00216243794 1.059600410870829e-09 -0.22647092133828012 1.032543388013174e-06 -2.3792263992294949e-07
-85400.00215738552 1.802100321352645e-10 2.492303602067848 -1.4353978716741267e-07 1.0895863977733455e-07
-85200.0021523331 1.418895195688953e-10 0.3840717058436688 1.3155239453332968e-07 5.316580908854007e-08
-85000.00214728067 6.546752110100699e-10 2.0881443449498884 -3.237872707728684e-07 5.690003824221357e-07
-84800.00214222824 1.1197967690688348e-09 -1.7641585148190162 -2.1517959192252079e-07 -1.0989279081163872e-06
-84600.00213717582 4.901450867502906e-10 1.585322699870484 -7.1197799877964485e-09 4.900933735507707e-07
-84400.0021321234 1.0180475530589715e-09 -2.6847278765959675 -9.136365630713073e-07 -4.4909804153281385e-07
-84200.00212707097 4.605912896962675e-10 -0.3044155406046441 4.3941436100869424e-07 -1.3805562459889842e-07
-84000.00212201854 4.5510408729493916e-10 0.7828076469561783 3.226397523592439e-07 3.2097246061013607e-07
-83800.00211696612 6.930395334300629e-10 -0.9380944137953738 4.098121737516891e-07 -5.588897719066566e-07
-83600.0021119137 3.0694362643764424e-10 -0.4883924032095426 2.71058323675355e-07 -1.4402005060754064e-07
-83400.00210686127 1.9045705002911673e-10 -0.917326245229282 1.1578745551243941e-07 -1.5121889118674403e-07
-83200.00210180884 5.736754025025794e-10 1.227370355377848 1.9316510124767206e-07 5.401765554857718e-07
-83000.00209675642 2.346793189610983e-10 2.1194726254153426 -1.2239894275900554e-07 2.0023206925845471e-07
-82800.002091704 6.986514980050616e-10 0.9943747684908035 3.8078407083030896e-07 5.857622444871424e-07
-82600.00208665157 3.6269007012260354e-10 -1.952971075589444 -1.3526134567953818e-07 -3.365240783814727e-07
-82400.00208159914 8.489822391290539e-10 -0.9554426204850587 4.900727766932178e-07 -6.93252851347026e-07
-82200.00207654672 7.951057342571799e-10 0.8289043015080403 5.372401474801336e-07 5.861451634059378e-07
-82000.0020714943 1.625015683401159e-10 0.27345174281295265 1.5646373618949383e-07 4.3884609723932044e-08
-81800.00206644187 4.6183465861655653e-10 0.9502329935699483 2.685538765812012e-07 3.7572605349200927e-07
-81600.00206138944 6.656838708354705e-10 0.5830023368843329 5.557219020513315e-07 3.6648080914414294e-07
-81400.00205633702 6.610006385194234e-10 2.824027259078604 -6.27949581777365e-07 2.064005011348513e-07
-81200.0020512846 3.041647766589097e-10 -1.361685274102315 6.314168754517624e-08 -2.9753880192995297e-07
-81000.00204623217 3.1336193440679195e-10 -0.7732161046835045 2.2426314549850446e-07 -2.1886466938791926e-07
-80800.00204117974 4.781901672197734e-10 2.8457916647826322 -4.574218690489573e-07 1.393953720230101e-07
-80600.00203612732 5.023719685241234e-10 -1.8973141914168075 -1.6113421286156893e-07 -4.7582912920951514e-07
-80400.0020310749 9.974241799720139e-10 0.975504518588997 5.593059990705029e-07 8.258521624338044e-07
-80200.00202602247 4.1895843557024087e-10 -1.1316612367319967 1.781230182240634e-07 -3.792075435882225e-07
-80000.00202097005 1.5057842236863252e-10 2.0292597248607627 -6.664159890590327e-08 1.3502873241755253e-07
-79800.0020159176 6.23082227583161e-10 1.6376137936291124 -4.1601804223745376e-08 6.216918466694921e-07
-79600.00201086518 4.88014977643796e-10 0.8237317068353393 3.316003414077784e-07 3.580500411715093e-07
-79400.00200581276 3.657406744811488e-10 2.8331107986820006 -3.484761037508832e-07 1.1104344233014984e-07
-79200.00200076033 3.8977331846005144e-10 1.175768263356601 1.4999806075000066e-07 3.597552244993807e-07
-79000.0019957079 4.787865750978877e-10 2.0789971764493074 -2.3298054419029768e-07 4.1827819752260353e-07
-78800.00199065548 6.270332698913294e-10 2.8798225748195154 -6.056723855785151e-07 1.622704005610487e-07
-78600.00198560306 5.423466743643539e-10 -1.7569577639069984 -1.0038187636673968e-07 -5.32975978906336e-07
-78400.00198055063 2.969236929899539e-10 0.7945625282258018 2.0802384681495312e-07 2.1187203358419282e-07
-78200.0019754982 1.767885427779753e-10 2.8414087227319156 -1.688829335266817e-07 5.2275650364030923e-08
-78000.00197044578 5.429176051429055e-10 2.535675651381983 -4.462675193828147e-07 3.0920030258396736e-07
-77800.00196539336 1.2736115232624883e-09 -1.897564305479354 -4.0880855467495536e-07 -1.2062180059224659e-06
-77600.00196034093 6.407015529806082e-10 0.7658801436402005 4.6180008961282937e-07 4.441161528534465e-07
-77400.0019552885 8.318559079703688e-10 2.181368205669866 -4.769330268494798e-07 6.815564096429583e-07
-77200.00195023608 9.588227180749676e-10 -2.15614014474953 -5.297361233003173e-07 -7.992000027323698e-07
-77000.00194518366 4.432326084851578e-10 -1.3881703194120767 8.049659716569124e-08 -4.3586172471243856e-07
-76800.00194013123 8.204290972061182e-10 0.18544807307215566 8.063617987774663e-07 1.5127641261880598e-07
-76600.0019350788 5.945313547751587e-10 0.4898393008143653 5.246195069474879e-07 2.797175445712341e-07
-76400.00193002638 4.57799589825775e-10 -0.05596870876277422 4.570827492056395e-07 -2.560907697013448e-08
-76200.00192497396 6.010901055626827e-10 -0.7091220540199438 4.561876331132808e-07 -3.914104730329271e-07
-76000.00191992153 6.804438007064495e-10 1.3022689162100367 1.8052984385175108e-07 6.560584893122723e-07
-75800.0019148691 4.96537256635831e-10 1.5654203818860948 2.669344079109237e-09 4.965300814951945e-07
-75600.00190981668 5.531185906500625e-10 -2.6317896636874267 -4.827843993471248e-07 -2.6992480262055807e-07
-75400.00190476426 3.679158173068276e-10 2.1154201607126835 -1.9061585454505092e-07 3.1468658157063345e-07
-75200.00189971183 6.437322848396928e-10 1.362380666552263 1.3319471503514535e-07 6.298018914163706e-07
-75000.0018946594 1.0898091152073982e-10 1.5707884306059734 8.605338663869588e-13 1.0898091151734235e-07
-74800.00188960698 4.1510578759934535e-10 0.8315109580715921 2.7968167826131207e-07 3.0674252027296234e-07
-74600.00188455456 2.2361245219702117e-10 0.7495614633048392 1.6368156952051294e-07 1.5235114891876123e-07
-74400.00187950213 1.786665620017917e-10 0.07207426719940056 1.7820270326041054e-07 1.2866115506326992e-08
-74200.0018744497 4.445569509177412e-10 -1.7870917606950139 -9.540763745707892e-08 -4.341984169986546e-07
-74000.00186939728 1.1254561428741124e-09 -0.09425496867809488 1.1204605672165968e-06 -1.0592283439248007e-07
-73800.00186434486 1.0080724227216145e-09 1.6569316789574169 -8.672334250725555e-08 1.0043351389432686e-06
-73600.00185929243 6.997322589818731e-10 -0.23298232113680126 6.808270074376566e-07 -1.6155438775644626e-07
-73400.00185424 6.278795084320339e-10 1.84421282423928 -1.6954165382720987e-07 6.045562874756882e-07
-73200.00184918758 4.740008771428682e-10 -1.4333010704282938 6.496771787212197e-08 -4.69527450919216e-07
-73000.00184413516 6.892994380461695e-10 -0.9089526484558568 4.236243414945662e-07 -5.437610988145991e-07
-72800.00183908273 5.27629853422145e-10 0.18900780701966324 5.182333652209437e-07 9.913345244694227e-08
-72600.0018340303 6.972476894151634e-10 1.7203938514771653 -1.0391791027686281e-07 6.894602296858565e-07
-72400.00182897788 4.083221750077089e-10 0.48536591123494777 3.6116271917574494e-07 1.904953775833107e-07
-72200.00182392546 1.5672300260618236e-09 1.2638849086867452 4.7348499365718055e-07 1.4939952862613737e-06
-72000.00181887303 9.080386398108683e-10 -2.98564946011978 -8.970200277014229e-07 -1.410292214121256e-07
-71800.0018138206 3.6809348016811186e-10 -1.2429083468081066 1.1854238757269542e-07 -3.484831595512716e-07
-71600.00180876818 3.341889901444021e-10 -0.7735987817811356 2.3907906665510126e-07 -2.3350263600452337e-07
-71400.00180371576 8.330050584846713e-10 1.4767341928084001 7.823874226264849e-08 8.293226915201402e-07
-71200.00179866333 5.065222631530296e-10 0.331448293073958 4.78953290805606e-07 1.6482884546142884e-07
-71000.0017936109 1.9696161048086542e-10 -2.194465733364271 -1.1502906538396473e-07 -1.5988180046555556e-07
-70800.00178855848 8.949040775795146e-10 0.9380090157666675 5.292415199420475e-07 7.216347563954173e-07
-70600.00178350606 9.318607888546306e-10 -2.375469147017413 -6.715024557513161e-07 -6.46102918833158e-07
-70400.00177845363 2.3124760879692167e-10 -2.3330803207379045 -1.5969385624980958e-07 -1.6725229101677286e-07
-70200.0017734012 5.371908453261124e-10 0.2944237175777857 5.140752716847885e-07 1.5588655921661143e-07
-70000.00176834878 3.3670840253818414e-10 0.7875174354409294 2.3758368550286235e-07 2.3859283460048175e-07
-69800.00176329636 8.288150442706644e-10 -2.8980140941496093 -8.043493558984594e-07 -1.9989119859342708e-07
-69600.00175824393 7.73562490032995e-10 -1.7737427002638735 -1.5591624358268774e-07 -7.576866443148589e-07
-69400.00175319151 6.329129417293078e-10 0.07160549321990597 6.312910528771809e-07 4.52813246898387e-08
-69200.00174813908 6.629384011980441e-10 -0.9379996822100141 3.920632400955526e-07 -5.345780949017609e-07
-69000.00174308666 1.8242328640488948e-10 1.923211179196153 -6.296617960366291e-08 1.712119027663661e-07
-68800.00173803423 3.303885322889268e-10 -2.044673114634787 -1.5076926973556226e-07 -2.939816483582547e-07
-68600.00173298181 3.250451428732567e-10 -2.7732485773490065 -3.032426991733672e-07 -1.1703935365314777e-07
-68400.00172792938 2.6916246978272723e-10 -1.0361507708171662 1.371479925182939e-07 -2.3160065476535152e-07
-68200.00172287696 5.104506656295668e-10 -1.6149536966769773 -2.2532834487165587e-08 -5.099530894225879e-07
-68000.00171782453 8.958309610189552e-10 1.1347431432296358 3.7836788402412225e-07 8.120042210846279e-07
-67800.00171277211 5.194938338264044e-10 0.9582034468918839 2.9870416518029685e-07 4.250290167595594e-07
-67600.00170771968 1.0298877937729768e-10 -0.9618217345495168 5.891233012533803e-08 -8.447500243757844e-08
-67400.00170266726 7.940184958370896e-10 0.5452510944848408 6.788835048565645e-07 4.118040293210612e-07
-67200.00169761483 6.836125782265996e-10 2.033974713426847 -3.0543390328041653e-07 6.115850618160223e-07
-67000.00169256241 8.226526210981994e-10 -1.7460852821446162 -1.4346458898639725e-07 -8.10046447252688e-07
-66800.00168750998 2.6731413420234606e-10 -0.26694446664415306 2.5784624257951805e-07 -7.05135556611225e-08
-66600.00168245756 2.65031588350823e-10 -2.578981258907671 -2.2418096751186667e-07 -1.4136702808364987e-07
-66400.00167740513 2.354212830167769e-10 -0.6997505217929338 1.800979599342334e-07 -1.5161762867421658e-07
-66200.00167235271 2.9234154414410433e-10 -2.504935039908369 -2.3506813218165945e-07 -1.7380032124592049e-07
-66000.00166730028 4.44691360027232e-10 -0.9664437303019363 2.5268673420342225e-07 -3.659232433728121e-07
-65800.00166224786 5.727178846122692e-10 2.127037156202712 -3.023935973844871e-07 4.86378337938298e-07
-65600.00165719543 5.127274107433667e-10 0.8742036981752385 3.289699322395201e-07 3.9327875789307853e-07
-65400.00165214301 2.13834037506848e-10 -0.6384617269853139 1.717116099309024e-07 -1.2743672395121308e-07
-65200.00164709058 6.111958376505343e-10 -3.1152757898086487 -6.109841996781995e-07 -1.608290101096088e-08
-65000.00164203816 6.08997257406848e-10 2.5287858911907093 -4.981822215865961e-07 3.502743690653176e-07
-64800.00163698573 8.988704179483826e-10 0.00032540536206945983 8.988703703582956e-07 2.9249724864399695e-10
-64600.00163193331 1.279353663696488e-09 1.7787618839740527 -2.641477950815485e-07 1.2517874177220278e-06
-64400.00162688088 2.849995452176376e-10 3.0530280268627856 -2.838825511330967e-07 2.5207894327472502e-08
-64200.00162182846 5.07367148562083e-10 0.4531247058102633 4.561654668999715e-07 2.221136876645602e-07
-64000.00161677603 4.1878605396254905e-10 2.438823636765637 -3.1955696316865456e-07 2.706752783021571e-07
-63800.00161172361 7.620549868731647e-10 -1.368110989248513 1.534019896110017e-07 -7.464553788416595e-07
-63600.00160667118 7.539466471805203e-10 2.3355577352574475 -5.220061671806775e-07 5.440083714614019e-07
-63400.00160161876 2.3179799228936357e-10 -1.442571763354593 2.964081685652431e-08 -2.2989504389059334e-07
-63200.00159656633 1.5730964851478391e-10 2.099673953947325 -7.937288487580574e-08 1.3581704849663367e-07
-63000.00159151391 4.513049014440096e-10 2.562957979095264 -3.77837022169647e-07 2.468102484609602e-07
-62800.00158646148 3.147402452990244e-10 -0.7426812460689534 2.3185591163654706e-07 -2.1284796980491905e-07
-62600.00158140905 5.014806824530344e-10 -3.0269212648589514 -4.981871768450219e-07 -5.73795407854405e-08
-62400.001576356626 2.0298454316062537e-10 -2.0424298111220893 -9.22244121071003e-08 -1.8082417585496557e-07
-62200.0015713042 1.0042658839294488e-09 -1.841431656360965 -2.684841521327641e-07 -9.677118505413418e-07
-62000.001566251776 7.116871383258093e-10 0.6204956133962217 5.790218149392956e-07 4.1380227244758316e-07
-61800.00156119935 1.5100426018277892e-10 1.898448503021485 -4.8596341506446095e-08 1.4297091377457605e-07
-61600.001556146926 3.6632828793175265e-10 0.6726453411307087 2.865332702217671e-07 2.282435094258517e-07
-61400.0015510945 8.101588116573144e-10 2.8771711836130853 -7.820008199876938e-07 2.1173572595234447e-07
-61200.00154604208 4.297595976204729e-10 -2.6535724625212835 -3.7959069909554444e-07 -2.0150487067827072e-07
-61000.00154098965 7.070154779717604e-10 -1.95495887264249 -2.649772786189608e-07 -6.554829730109901e-07
-60800.00153593723 3.931899947025199e-10 -1.5906041854517503 -7.787742561937705e-09 -3.931128629286462e-07
-60600.0015308848 7.274082307070455e-10 -0.0036163989566486863 7.274034740656354e-07 -2.6305926326131157e-09
-60400.00152583238 6.108729068873385e-10 0.06623460286928293 6.095334400546548e-07 4.0431347048119903e-08
-60200.00152077995 9.875057170414413e-10 -0.14995815114790423 9.764232671294337e-07 -1.4753014809798515e-07
-60000.00151572753 5.112146794311397e-10 1.0060643574627577 2.735966883604668e-07 4.3183943843061456e-07
-59800.0015106751 2.6562571083467286e-10 3.138632876376385 -2.65624547357568e-07 7.861917783458239e-10
-59600.00150562268 2.3548589023169686e-11 2.732138544113727 -2.1602022226563378e-08 9.374896303704361e-09
-59400.00150057025 1.78255644566665e-10 -1.0719530711712706 8.527929706847459e-08 -1.56532796280473e-07
-59200.00149551783 6.061816649235599e-10 2.2573023122448688 -3.842213120441862e-07 4.688605275138258e-07
-59000.0014904654 7.303756085024574e-10 -2.43575473689784 -5.558657125703803e-07 -4.7377403800119566e-07
-58800.00148541298 2.9836931477394526e-10 -3.11262470889726 -2.982441364429711e-07 -8.641937054854054e-09
-58600.00148036055 2.7864079136571964e-10 2.721443047779569 -2.544068240517561e-07 1.1365675733898684e-07
-58400.00147530813 8.900150673942523e-10 1.1128050636430051 3.9351774017148955e-07 7.982923075910975e-07
-58200.0014702557 4.32960576430627e-10 -2.6433860695119646 -3.803303041949313e-07 -2.068906002072879e-07
-58000.00146520328 8.78591387495973e-10 -2.4343426277367595 -6.678625894263046e-07 -5.70861093285302e-07
-57800.00146015085 4.5600103604648096e-10 -3.070612226670178 -4.548528012571218e-07 -3.233997625251561e-08
-57600.00145509843 3.656276384388286e-10 -2.953412987525059 -3.5917299223697796e-07 -6.839833066596412e-08
-57400.001450046 4.766507194314148e-10 -1.3339641899682406 1.1183387621516161e-07 -4.633455432667688e-07
-57200.00144499358 9.639795686845861e-10 -1.2677736512674016 2.87657792752416e-07 -9.200595649794252e-07
-57000.00143994115 3.7979387019709135e-10 -0.38181424651175183 3.5244497681441445e-07 -1.4151297522690953e-07
-56800.00143488873 4.818318771161572e-10 -2.4518833069218977 -3.717000439384943e-07 -3.0659588245995906e-07
-56600.0014298363 5.25684685703573e-10 -0.6731510152955651 4.1101237588381245e-07 -3.277395546064099e-07
-56400.00142478388 5.864526137931899e-10 0.6502099644563777 4.667908950206634e-07 3.5501116679714784e-07
-56200.00141973145 4.4208171135941577e-10 1.4872370454611368 3.68970582698136e-08 4.405392679540654e-07
-56000.00141467903 6.175358598376429e-10 -2.917828018007969 -6.021400614786288e-07 -1.370324215210772e-07
-55800.0014096266 6.925144153658348e-10 -3.120185450589597 -6.923557427096494e-07 -1.4823664407082049e-08
-55600.00140457418 5.05153890688159e-10 -2.2418368669411657 -3.1410531997622115e-07 -3.9562393916448e-07
-55400.00139952175 3.3959297237707855e-10 0.8816805963186971 2.1593187046753393e-07 2.6210077108679286e-07
-55200.00139446933 1.1975156181986797e-09 -0.25749350828940964 1.1580350994799815e-06 -3.049563316315229e-07
-55000.0013894169 5.96971063666385e-10 -0.2420603198949561 5.795670708352851e-07 -1.430959861714598e-07
-54800.00138436448 7.943023004530655e-10 2.7981823277382314 -7.479244870378654e-07 2.6744178094340043e-07
-54600.00137931205 4.795704474898495e-10 -0.479698644809547 4.2544326953053435e-07 -2.2132744637026747e-07
-54400.00137425963 5.679411489843541e-10 -1.6029384510371532 -1.825169190783349e-08 -5.676477996541252e-07
-54200.0013692072 1.3684951415520309e-10 2.9038933734283248 -1.330016193012984e-07 3.222357503052109e-08
-54000.00136415478 8.008854544611002e-10 0.015483731530698016 8.007894518602399e-07 1.240019986692431e-08
-53800.00135910235 8.986989750730562e-10 1.3616713413368569 1.8657352797435411e-07 8.791189717305414e-07
-53600.00135404993 6.628305497062286e-10 1.0336228434595127 3.3917676423023124e-07 5.694764790842299e-07
-53400.0013489975 2.585881107067517e-10 1.84160592610739 -6.917532374695057e-08 2.4916377261430256e-07
-53200.00134394508 8.924451458039433e-10 0.7335863823178496 6.628885899362391e-07 5.975257781898335e-07
-53000.00133889265 1.0617159007481078e-09 1.6201754396442152 -5.240528661021315e-08 1.0604217745013855e-06
-52800.00133384023 1.377276365614972e-10 -1.7311272004579443 -2.198750724546894e-08 -1.359612128437604e-07
-52600.0013287878 1.205242490249e-09 1.587352166874188 -1.9952890395469325e-08 1.205077318044978e-06
-52400.00132373538 2.2724984934155815e-10 1.7033815634291103 -3.0041777579481455e-08 2.2525537868300916e-07
-52200.00131868295 2.509380042710308e-10 1.7222869268385501 -3.786951296991248e-08 2.480640682867019e-07
-52000.00131363053 8.580362533930821e-10 -1.4716753635288689 8.491018048395471e-08 -8.538246151212903e-07
-51800.0013085781 9.939963620500822e-10 0.805010867170442 6.889422597064487e-07 7.165105236905944e-07
-51600.00130352568 1.2527898827441678e-09 2.1970895139809556 -7.343171654003444e-07 1.0150176308343362e-06
-51400.00129847325 3.4331637352863893e-10 2.18292871041099 -1.972743810460531e-07 2.809785595303538e-07
-51200.00129342082 3.582018053002879e-10 1.4316808460018486 4.96708396219292e-08 3.5474123105672106e-07
-51000.001288368396 1.4958976259101815e-10 -2.75126753692614 -1.3833842923971496e-07 -5.691727389400825e-08
-50800.00128331597 4.2564697920269613e-10 1.2741012192770071 1.2444271020248254e-07 4.070495827068754e-07
-50600.001278263546 4.621053680556529e-10 -2.6674098613326542 -4.1111951069525143e-07 -2.1100265190643341e-07
-50400.00127321112 5.244419749792135e-10 0.8769131117198626 3.353949547934415e-07 4.031744156307582e-07
-50200.001268158696 9.435557867177246e-10 1.6205776264671885 -4.695203518600283e-08 9.423868786440082e-07
-50000.00126310627 4.339330515611027e-10 2.8632920695319473 -4.1723691047261125e-07 1.1921096332301317e-07
-49800.001258053846 1.6796591546597882e-10 2.573779628344593 -1.416085566282102e-07 9.033031300731409e-08
-49600.00125300142 6.965473657795073e-10 -2.9424282547780067 -6.827781874069877e-07 -1.3781211694041673e-07
-49400.001247948996 5.179384776476524e-10 1.02916188219329 2.670165430186666e-07 4.438044979293565e-07
-49200.00124289657 3.2776744171832753e-10 -0.9191654305272454 1.9878568631448434e-07 -2.6060649793713253e-07
-49000.001237844146 3.3582503759549096e-10 -1.8316185524981186 -8.660090023565603e-08 -3.244668549395868e-07
-48800.00123279172 3.8979752289062407e-10 -1.0645981561674398 1.8899555126461465e-07 -3.409146380750627e-07
-48600.001227739296 1.8359680764950585e-10 0.32138031092520725 1.7419670880064464e-07 5.799391711303059e-08
-48400.00122268687 7.890419380017024e-10 1.474179430155804 7.611623232400833e-08 7.853620178632781e-07
-48200.001217634446 3.3479750823394897e-10 -0.1966156502307931 3.283470752304951e-07 -6.540313224334682e-08
-48000.00121258202 5.607565428144091e-10 0.7806565928491461 3.9839039234212947e-07 3.9463020107266544e-07
-47800.001207529596 9.412189862390685e-10 -1.2057264545794357 3.360288849674209e-07 -8.791915425687691e-07
-47600.00120247717 7.910214047047191e-10 1.6323324646294743 -4.8645687547588246e-08 7.895241983524315e-07
-47400.001197424746 3.195396019149647e-10 1.7119414023119919 -4.4951839028861684e-08 3.1636195940709655e-07
-47200.00119237232 5.527195723226986e-10 -2.213719168178823 -3.3137599218802105e-07 -4.4236735574632036e-07
-47000.0011873199 5.148045076055277e-10 1.9824527408044053 -2.0598765283763587e-07 4.7179738016378536e-07
-46800.00118226747 5.15768819433877e-10 -1.9435424592677857 -1.8782977953546443e-07 -4.803513807827287e-07
-46600.00117721505 6.5847689102075e-10 2.0710134262562123 -3.158160854915826e-07 5.777992870825699e-07
-46400.00117216262 7.014111074562727e-10 1.8843668483226075 -2.1635517452600617e-07 6.672090977488665e-07
-46200.0011671102 5.280354016851769e-10 -2.618832568868511 -4.57513340337834e-07 -2.6363408134333355e-07
-46000.00116205777 3.2374878427436704e-10 0.6938477260787355 2.48895181131914e-07 2.0703734959770514e-07
-45800.00115700535 5.07059358727931e-10 -0.25269402389559714 4.909563675326023e-07 -1.2677159955121198e-07
-45600.00115195292 9.352634376921756e-10 1.168967386165236 3.657836403769821e-07 8.607671150295815e-07
-45400.0011469005 6.334478801123498e-10 -2.8720918906416384 -6.105829064573243e-07 -1.6865565855006537e-07
-45200.00114184807 2.529193993847535e-10 -0.4133080106185854 2.3162287862699138e-07 -1.0158279717398244e-07
-45000.00113679565 5.417891308508653e-10 2.065864361883864 -2.573994211108044e-07 4.7673997138897306e-07
-44800.00113174322 7.540785621341872e-10 -2.792584078608687 -7.086168310743712e-07 -2.578694719979069e-07
-44600.0011266908 5.427506974288313e-10 -0.9618289504661013 3.104646701668212e-07 -4.451853637954528e-07
-44400.00112163837 5.601176920402301e-10 0.7655872307144806 4.038311633702829e-07 3.8813943425974884e-07
-44200.00111658595 3.415323029563522e-10 -2.3271894312923864 -2.3439449442497207e-07 -2.4840196244380053e-07
-44000.00111153352 3.4910886940081645e-10 -2.0451045077606773 -1.5944608791618187e-07 -3.105703587635844e-07
-43800.0011064811 1.2674243253412427e-09 2.617980078238557 -1.0976129179440797e-06 6.337273095180507e-07
-43600.00110142867 6.615482121334452e-10 -2.5493821097118845 -5.488923662533285e-07 -3.6927389190921645e-07
-43400.00109637625 4.996459305760119e-10 -0.998934316709839 2.704077483040024e-07 -4.2014962287062474e-07
-43200.00109132382 3.9548544333436805e-10 1.0417449353070942 1.9960729621959494e-07 3.414171395599297e-07
-43000.0010862714 4.056636663423122e-10 -2.771192421308906 -3.7815258718820743e-07 -1.4684560256661428e-07
-42800.00108121897 4.57468867562247e-10 0.6611322346205748 3.61079048660784e-07 2.8089087811267177e-07
-42600.00107616655 3.1829095871024074e-10 -0.7044960987464556 2.425179765341845e-07 -2.0614112994365996e-07
-42400.00107111412 4.508983368986174e-10 0.9956102061295596 2.4528462469475265e-07 3.78344767515415e-07
-42200.0010660617 6.845190118061039e-10 0.5023907324973682 5.999356512687015e-07 3.2961112217400057e-07
-42000.00106100927 7.763751635069874e-10 0.9945819802818211 4.230106938618583e-07 6.510148595761933e-07
-41800.00105595685 4.599737940809602e-10 2.5031134183957167 -3.6936034752965696e-07 2.7413285996757963e-07
-41600.00105090442 2.906196653485389e-10 -2.4675989778119045 -2.2707143393363438e-07 -1.8137903345927242e-07
-41400.001045852 3.4459577389276604e-10 -1.6954555454866942 -4.2845868186702774e-08 -3.419217439182276e-07
-41200.00104079957 8.13610520648381e-11 2.591753876952097 -6.936914737076805e-08 4.251519947207072e-08
-41000.00103574715 2.4199852693593277e-10 -1.2740591829803007 7.076073554879159e-08 -2.3142213667615152e-07
-40800.00103069472 6.79986769447476e-10 2.6829454953143856 -6.097116796444091e-07 3.010542714010356e-07
-40600.0010256423 2.922437789824027e-10 -2.4286865090497463 -2.2107200120524695e-07 -1.9113763793932037e-07
-40400.00102058987 6.4751904704586894e-12 -1.6926902823262413 -7.873334761931972e-10 -6.427145371468157e-09
-40200.00101553745 3.503343330154893e-10 -0.6300147349921266 2.830767368844356e-07 -2.0640180697917287e-07
-40000.00101048502 1.7497782708521554e-10 -1.1801027226980767 6.663677865059725e-08 -1.617923969243762e-07
-39800.00100543259 2.22222493454409e-10 2.3306160930714572 -1.5306480771748454e-07 1.6110245570910564e-07
-39600.001000380165 1.8604125818451577e-10 -0.5278828745525493 1.6071646885551516e-07 -9.371001219449226e-08
-39400.00099532774 2.175886045271459e-10 -1.8264580671219548 -5.502504552001852e-08 -2.105161399645894e-07
-39200.000990275315 6.379941380499994e-10 1.3405754777802517 1.455855100362946e-07 6.211613151618778e-07
-39000.00098522289 5.762075913380044e-10 -0.6493979368769854 4.5891939215447763e-07 -3.484367658845855e-07
-38800.000980170465 8.255290643738061e-10 -1.3112631840765985 2.1185499354814397e-07 -7.978820074638904e-07
-38600.00097511804 1.1657321067039733e-09 0.3040234348811117 1.1122713449718269e-06 3.4897535694522475e-07
-38400.000970065616 3.4999772668076305e-10 2.4228554797746256 -2.634215252039773e-07 2.304506644401627e-07
-38200.00096501319 1.4787709963434808e-10 -2.1252501034197806 -7.785418548733603e-08 -1.2572335661431566e-07
-38000.000959960766 3.593237222884035e-10 -2.391899712922613 -2.6298836325322483e-07 -2.4484823502035624e-07
-37800.00095490834 1.5222729903517735e-10 2.315229473980481 -1.0314236986719294e-07 1.1195893045989891e-07
-37600.000949855916 9.518995910536255e-10 -2.5353880212748305 -7.822866492368519e-07 -5.423471488574805e-07
-37400.00094480349 1.0326959460254827e-09 0.057265079569801286 1.0310031542948295e-06 5.9105099370349024e-08
-37200.000939751066 1.7422505255918445e-10 -0.2427806168574046 1.6911559985732794e-07 -4.188415958505942e-08
-37000.00093469864 5.547354697937259e-10 -1.1439463265610073 2.2966353391273842e-07 -5.049614862917551e-07
-36800.000929646216 2.245032363215267e-10 0.3078626662265853 2.13947858873631e-07 6.802952889906067e-08
-36600.00092459379 2.1547832979137015e-10 2.3597259629026106 -1.5290331401018875e-07 1.518271621758771e-07
-36400.000919541366 3.058878212136862e-10 -1.4251418493703873 4.439656081656196e-08 -3.026488138990757e-07
-36200.00091448894 4.544797916059519e-10 -1.2710010660689313 1.3421906519539561e-07 -4.3420861750576023e-07
-36000.000909436516 1.0019801891226764e-09 -1.6844462465140864 -1.1362998569852678e-07 -9.955162106889404e-07
-35800.00090438409 5.777747133741886e-10 0.524021420025501 5.002454381286547e-07 2.890988084480739e-07
-35600.000899331666 6.104051285891958e-10 1.7773757832627421 -1.2520220388223535e-07 5.974268399988603e-07
-35400.00089427924 6.180492379982682e-10 1.646085804457434 -4.648865503664723e-08 6.162983575697112e-07
-35200.000889226816 4.705995360279697e-10 -1.9566389074007746 -1.7710538502413442e-07 -4.360018416305067e-07
-35000.00088417439 7.879470727006605e-10 -0.33521016209017734 7.440908794120737e-07 -2.592090904141031e-07
-34800.000879121966 4.886537908886027e-10 -1.6718345142013105 -4.9288730874508246e-08 -4.861616483831099e-07
-34600.00087406954 7.827006320232331e-10 1.1431037155452375 3.246425861469504e-07 7.121990386327326e-07
-34400.000869017116 4.4295248509116695e-10 1.3432776086901654 9.991275384813036e-08 4.3153718920496686e-07
-34200.00086396469 4.2507127264350806e-11 2.195831503679978 -2.4872016834986965e-08 3.4470837628752804e-08
-34000.000858912266 2.705229586263292e-10 0.5698587446799561 2.2777416125441263e-07 1.4595068553724388e-07
-33800.00085385984 3.718432867266934e-10 -2.4196661199691634 -2.790810323394233e-07 -2.457258783117311e-07
-33600.000848807416 6.025962550872128e-10 -3.0899097847657138 -6.017916310829818e-07 -3.1130040212268284e-08
-33400.00084375499 3.3592656737374195e-10 2.034037265442856 -1.5010872667087227e-07 3.0052292565585503e-07
-33200.00083870257 3.976446106291482e-10 -2.2002781565595457 -2.341037143027691e-07 -3.21429132643658e-07
-33000.00083365014 6.744346468647963e-10 2.3632389335753743 -4.802449278251686e-07 4.735260311639067e-07
-32800.00082859772 3.3186803576514496e-10 -2.8822734983423035 -3.20771956996424e-07 -8.509844162674085e-08
-32600.00082354529 4.847146173835605e-10 2.642951840046331 -4.2569255664925976e-07 2.3180618524687446e-07
-32400.000818492867 2.212521628621839e-10 -1.2883460058372045 6.166512633853927e-08 -2.124851330442823e-07
-32200.00081344044 4.0521833531066174e-10 -0.9804673321303298 2.2555845191618573e-07 -3.3663820941942646e-07
-32000.000808388017 6.529215294308802e-10 1.206791804275386 2.3245261271398476e-07 6.101412184378319e-07
-31800.00080333559 2.9098243711637717e-10 0.2081782859276896 2.8469984869605724e-07 6.013962805528905e-08
-31600.000798283167 5.421982114806262e-10 -2.8624643728167802 -5.212129597920168e-07 -1.4938524384167096e-07
-31400.00079323074 1.42178944858618e-10 0.6807675057149827 1.1048582027051168e-07 8.948595353608368e-08
-31200.000788178313 5.00203620275607e-10 -0.7504621556012051 3.6583580631521784e-07 -3.411272849751512e-07
-31000.000783125888 3.6804005962039887e-10 1.6817682698972543 -4.0758345254410244e-08 3.657762195352632e-07
-30800.000778073463 2.208196580953607e-10 0.6373373161688015 1.7746901748161292e-07 1.3140041565939953e-07
-30600.00077302104 4.3205364654915675e-10 2.80506271608074 -4.0781811927459444e-07 1.4267002168555365e-07
-30400.000767968613 6.726778593484134e-10 1.8586617924921784 -1.9097739523132873e-07 6.449985557877014e-07
-30200.00076291619 1.3090573877570952e-09 1.7379383128228973 -2.177811319059586e-07 1.2908147128953829e-06
-30000.000757863763 8.550620547476057e-10 2.4895306372141834 -6.796325665581193e-07 5.18874447186235e-07
-29800.00075281134 2.641426047817397e-10 0.8260154693138576 1.7903868521074173e-07 1.942072729299582e-07
-29600.000747758913 4.0717374333619706e-10 -3.107721873937499 -4.0694020475573467e-07 -1.3788655328639265e-08
-29400.00074270649 7.021683261591911e-10 -0.645900998827232 5.607219681902365e-07 -4.2264788258083996e-07
-29200.000737654063 4.588008443158597e-10 2.2529930178138478 -2.8927374540188566e-07 3.561164345633472e-07
-29000.00073260164 9.598928918731587e-10 -2.6689883582412417 -8.546750162041761e-07 -4.3694963158813493e-07
-28800.000727549213 7.041431740335013e-10 -2.060473917953624 -3.311876805023317e-07 -6.213954697464885e-07
-28600.00072249679 3.678614360326742e-10 -1.4735267913867378 3.5725313707324347e-08 -3.661225724815864e-07
-28400.000717444364 5.405383356235247e-10 2.0123493876345577 -2.3099586055064236e-07 4.886947970739186e-07
-28200.00071239194 5.438082545852758e-10 2.9929900521517405 -5.378149096069151e-07 8.051422706323308e-08
-28000.000707339514 1.6485693107052204e-11 -2.496899681815362 -1.317675590861711e-08 -9.907127784813952e-09
-27800.00070228709 9.458410701701708e-11 -1.3021902445590323 2.5101464351529046e-08 -9.119248756128684e-08
-27600.000697234664 2.9286933724675787e-10 2.1176960642874394 -1.523042596485169e-07 2.5015167637310043e-07
-27400.00069218224 2.7155239218959723e-10 1.1294944574188137 1.1598463556250493e-07 2.455366897580191e-07
-27200.000687129814 3.206353337305137e-10 1.4884495006326535 2.6373472072904747e-08 3.195488338381125e-07
-27000.00068207739 8.130214151398252e-10 0.06816411135468552 8.111333569260637e-07 5.53759763599615e-08
-26800.000677024964 1.8184898112339032e-10 0.11112570388892326 1.807273166676282e-07 2.0166530334542188e-08
-26600.00067197254 4.357019930108008e-10 -2.9297824189298196 -4.259649035720514e-07 -9.159763991739567e-08
-26400.000666920114 2.6893840396792265e-10 -0.8105605403644341 1.8532339207677495e-07 -1.9489254854399007e-07
-26200.00066186769 4.028389505022275e-10 -2.5100116476422856 -3.251293259065591e-07 -2.3784478442312462e-07
-26000.000656815264 2.7124191404138637e-10 -0.46927555810478927 2.419196172276372e-07 -1.2266651838732656e-07
-25800.00065176284 1.2272812843516186e-09 -2.3358535113542316 -8.499883233925587e-07 -8.852904613831925e-07
-25600.00064671041 1.3828081813484234e-10 -2.332758503883579 -9.546110835145782e-08 -1.0004379769057437e-07
-25400.000641657985 1.404907171294998e-10 -1.0516680410459003 6.970074051260156e-08 -1.2198134435870145e-07
-25200.00063660556 6.842038197943988e-10 2.566691957662469 -5.74215526460975e-07 3.7203682101694113e-07
-25000.000631553135 2.2818895593068281e-10 1.5707684438629348 6.36257713182431e-12 2.2818895584197918e-07
-24800.00062650071 4.911782132745236e-10 1.0816198758071007 2.308041926468718e-07 4.3357290258061454e-07
-24600.000621448286 4.5132240781646945e-10 0.16599543939219408 4.4511869401464565e-07 7.457388306875146e-08
-24400.00061639586 4.707741548386369e-10 -1.461427760067311 5.138531067316876e-08 -4.679613816449546e-07
-24200.000611343436 7.430584765652382e-10 0.8633529706523287 4.829083402047019e-07 5.647436892575186e-07
-24000.00060629101 5.090666334479818e-10 -0.13655525647396577 5.043276356531123e-07 -6.9299878835416e-08
-23800.000601238586 5.165405370077288e-10 2.5181371359907274 -4.193616088832286e-07 3.015791228966336e-07
-23600.00059618616 1.1692021236377625e-09 1.0334159503839608 5.984997839547646e-07 1.0044061004021998e-06
-23400.000591133736 1.4847866317440965e-09 -2.604389766334969 -1.275644665565956e-06 -7.598171023470712e-07
-23200.00058608131 3.4152442060437524e-10 1.8873158189508241 -1.0630317825999214e-07 3.245590303180279e-07
-23000.000581028886 2.866324231878443e-10 -1.1774930536504011 1.0984945775227573e-07 -2.6474750736138475e-07
-22800.00057597646 8.595555222093365e-10 2.9795986456185237 -8.483019111604762e-07 1.3863463954599808e-07
-22600.000570924036 8.804295865117439e-10 1.0797069706402218 4.1519895677133434e-07 7.763801150861838e-07
-22400.00056587161 4.1513219467471676e-10 -1.9622918012795694 -1.584024761358549e-07 -3.8372307020750895e-07
-22200.000560819186 3.8795686247853663e-10 1.0812916211083967 1.824129778338346e-07 3.4239747759290395e-07
-22000.00055576676 5.972413325643132e-10 2.6598882652338482 -5.292792010225256e-07 2.7669610891400964e-07
-21800.000550714336 2.438548716193923e-10 0.710218330686571 1.84895529220519e-07 1.5899321270662625e-07
-21600.00054566191 5.135608891147985e-10 1.9371368396934627 -1.8395811562932352e-07 4.794832619836598e-07
-21400.000540609486 6.824284965505924e-10 -2.0082313427304475 -2.8908858051845954e-07 -6.181718575914985e-07
-21200.00053555706 3.4601852001903315e-10 2.785092223220224 -3.2426222440484764e-07 1.2075937239064416e-07
-21000.000530504636 6.462742110361767e-10 1.9025490970201442 -2.104919788470383e-07 6.110347638976776e-07
-20800.00052545221 6.22876819916164e-10 1.9321531196308446 -2.2021419221474048e-07 5.826501886518898e-07
-20600.000520399786 4.887482824202854e-10 1.3784563748989176 9.342727347316782e-08 4.797355814822879e-07
-20400.00051534736 7.483398401618135e-10 2.323961232708054 -5.118278334492743e-07 5.459347811598292e-07
-20200.000510294936 3.150489957398252e-10 -1.4454786332296516 3.9377955673991494e-08 -3.1257838428722096e-07
-20000.00050524251 4.357181969983129e-10 2.694057961184739 -3.928072261905058e-07 1.8855458161493033e-07
-19800.000500190083 7.099280241028263e-10 2.0391498655988234 -3.2047410392088693e-07 6.334778197558677e-07
-19600.000495137658 7.730791051091148e-10 -2.5152236430871717 -6.263188156996335e-07 -4.531843376121003e-07
-19400.000490085233 8.43743011866522e-10 -0.08612251435903145 8.406158875651215e-07 -7.257547551819954e-08
-19200.000485032808 3.532221120332764e-10 2.7476211560294606 -3.261624202943736e-07 1.355873741060165e-07
-19000.000479980383 4.223097504486253e-10 -0.5846048852009277 3.521768559000549e-07 -2.3306005125789397e-07
-18800.000474927958 7.31431017755946e-10 -2.022078703280647 -3.1899161379023155e-07 -6.582064144833311e-07
-18600.000469875533 8.126289906564908e-10 -0.3248407484142911 7.70129766070049e-07 -2.5935693526157877e-07
-18400.000464823108 4.597489500039987e-10 2.467513683316415 -3.591936568181353e-07 2.869651789527694e-07
-18200.000459770683 4.5288843216444314e-10 2.322879033267186 -3.093957928745894e-07 3.307297617993754e-07
-18000.000454718258 4.2571046956161066e-10 2.3697855338649547 -3.050860458708726e-07 2.9690387082226266e-07
-17800.000449665833 8.066067243971754e-10 1.3326474029100823 1.902819137811207e-07 7.838413111915798e-07
-17600.000444613408 6.187661313291677e-10 2.3983717279373087 -4.5559310968279476e-07 4.186961233276776e-07
-17400.000439560983 4.2497753420638477e-10 2.067721652010328 -2.0259741317918412e-07 3.735775592206281e-07
-17200.000434508558 6.572080244558737e-10 -2.1143060384582677 -3.398706142077046e-07 -5.625036471057498e-07
-17000.000429456133 6.404724418900242e-10 0.07388004820417109 6.38725303758747e-07 4.727510083402109e-08
-16800.000424403708 4.827470685484049e-10 -0.4665077443156764 4.3116286163602524e-07 -2.1712512277005658e-07
-16600.000419351283 7.280644410975736e-10 0.5497699644816172 6.20780313265179e-07 3.804071937452136e-07
-16400.00041429886 5.62305539409173e-10 -2.8462620870279336 -5.379610727995754e-07 -1.6366246913257498e-07
-16200.000409246433 5.252244517886255e-10 -1.056447551756748 2.58393616947572e-07 -4.5726738728824046e-07
-16000.000404194008 8.523612524729887e-10 -2.6286413529117114 -7.426623175321723e-07 -4.1829700792028746e-07
-15800.000399141583 7.868844384944548e-10 -0.3660029377632837 7.347653786515806e-07 -2.816149106132926e-07
-15600.000394089157 5.811035275103115e-10 -1.843543424687416 -1.565365059796875e-07 -5.596227586335267e-07
-15400.000389036732 4.91884687659257e-10 0.6240285117806262 3.9917974714587245e-07 2.874127266183635e-07
-15200.000383984307 3.426022802922007e-10 0.2378181624762886 3.3295949619649434e-07 8.071119100838686e-08
-15000.000378931882 3.546561831900539e-10 -1.638357441782315 -2.394274301042998e-08 -3.538470761954571e-07
-14800.000373879457 5.423463264543445e-10 2.0304601608197057 -2.4061024450627855e-07 4.860516927829295e-07
-14600.000368827032 5.983606932180568e-10 1.119931092718924 2.6073236236712205e-07 5.385667594670629e-07
-14400.000363774607 3.98457426238973e-10 1.3067266062845688 1.0400191041703977e-07 3.8464519125369634e-07
-14200.000358722182 1.7240010113090158e-10 -2.097401173107637 -8.664847539474607e-08 -1.490430695527678e-07
-14000.000353669757 1.9801491143728187e-10 1.9540119738928245 -7.403872670508349e-08 1.8365231307937435e-07
-13800.000348617332 5.651028168500483e-10 -2.513219061903594 -4.571594927060829e-07 -3.321842739212322e-07
-13600.000343564907 6.780154398840617e-10 -0.9300503382619283 4.0531331058080156e-07 -5.435311002943699e-07
-13400.000338512482 3.778643339521025e-10 -0.3071931635329897 3.6017501836571597e-07 -1.1426027751726409e-07
-13200.000333460057 2.596099764062173e-10 -0.491891465184018 2.2883090533554196e-07 -1.2261222048781661e-07
-13000.000328407632 5.077588563005775e-10 2.6642245351274734 -4.5099507073320666e-07 2.3328630976982012e-07
-12800.000323355205 5.125924500963413e-10 -2.072141452445157 -2.4635478323986604e-07 -4.4951122418757095e-07
-12600.00031830278 2.107394458395909e-10 -1.7080978326541048 -2.8844017063711647e-08 -2.0875616568716282e-07
-12400.000313250355 4.885537363197531e-10 2.5555322313640767 -4.070268458944426e-07 2.7021084358924696e-07
-12200.00030819793 4.049833756456185e-10 -0.23520426310040946 3.9383287109284737e-07 -9.437798575984147e-08
-12000.000303145505 1.6807540250014635e-10 2.697305352683325 -1.5175817569268446e-07 7.224124193294656e-08
-11800.00029809308 8.872397897035131e-10 2.6169336249739756 -7.679014160100195e-07 4.444343142950835e-07
-11600.000293040655 3.6229413557831305e-10 -0.9830158377883224 2.0089766739062043e-07 -3.014915718746458e-07
-11400.00028798823 4.3486471926527995e-10 -0.929852578369428 2.6002829467408617e-07 -3.485579005424455e-07
-11200.000282935805 5.994351397560027e-10 -0.08554896415312925 5.972429566458715e-07 -5.121852703071639e-08
-11000.00027788338 6.320602055617127e-10 -2.403743338850397 -4.6767211059339786e-07 -4.2518572462846294e-07
-10800.000272830956 6.902467117974415e-10 -2.8417109746172953 -6.59442001005317e-07 -2.0390382649004835e-07
-10600.00026777853 8.881259719267461e-10 -1.088284020302785 4.1209588541590847e-07 -7.867304006037301e-07
-10400.000262726106 4.790103555134147e-10 -1.2358651300320695 1.5745271120248816e-07 -4.5239315249467893e-07
-10200.00025767368 9.663980780603889e-10 2.2737768930512368 -6.247710279128071e-07 7.37283126051036e-07
-10000.000252621256 5.133775167121994e-10 -0.41215207036976875 4.7038772721386124e-07 -2.0564984987148094e-07
-9800.000247568829 3.137749769404397e-10 0.6198495477625641 2.554021206746526e-07 1.8227587034180814e-07
-9600.000242516404 2.816958997154431e-10 -0.5614024224104389 2.3845820751322577e-07 -1.4996754044149796e-07
-9400.000237463979 3.6330300046273724e-10 1.774990947300711 -7.367006593650416e-08 3.557552410438092e-07
-9200.000232411554 4.83774267708398e-10 -2.45187777803614 -3.7319676227109966e-07 -3.078339141926456e-07
-9000.000227359129 1.0053955596323756e-09 0.5178728890087438 8.73562197023503e-07 4.977040478637562e-07
-8800.000222306704 8.391674672289837e-10 2.0452463489412036 -3.8337305885427497e-07 7.464764804065993e-07
-8600.000217254279 7.399063233615417e-10 0.07438278289229416 7.378603906760262e-07 5.4985554664988e-08
-8400.000212201854 3.7892360330764146e-10 -1.59219530875906 -8.107960525194358e-09 -3.788368489465732e-07
-8200.00020714943 1.0003128312772346e-10 -0.8398813648751731 6.677599928561762e-08 -7.447968530804872e-08
-8000.000202097004 3.811414276952959e-10 -1.9691735105806853 -1.4785357083102468e-07 -3.512949038886326e-07
-7800.000197044578 1.9888346290877566e-10 0.6936913473935785 1.5291972177422508e-07 1.2716206396201635e-07
-7600.000191992153 5.14095001519159e-10 2.0509109917824744 -2.374506515856467e-07 4.55972431895324e-07
-7400.000186939728 7.294227058774184e-10 -1.9034385985596753 -2.3818685401799655e-07 -6.894378191124595e-07
-7200.000181887303 7.192743909286579e-10 2.3953723006364327 -5.281344073182481e-07 4.882926348537264e-07
-7000.000176834878 3.354929347303296e-10 -0.34520553353823513 3.1570083836029994e-07 -1.1352748527371226e-07
-6800.000171782453 1.001701395893844e-09 1.3165519610014136 2.5194206232370675e-07 9.695003268528346e-07
-6600.0001667300285 3.7209393484600793e-10 2.304654723490237 -2.4920613328482943e-07 2.7631539856187715e-07
-6400.000161677603 1.638693048445413e-10 2.113308145030729 -8.460388278841435e-08 1.4034005874075106e-07
-6200.000156625178 1.893883135287619e-10 -1.9136559800492847 -6.366888072317778e-08 -1.7836537480331316e-07
-6000.000151572753 2.7033333692961085e-10 -1.5882074126786536 -4.706559142420019e-09 -2.7029236274178636e-07
-5800.000146520328 5.130973232648689e-10 -1.2635699107390357 1.5516888596245337e-07 -4.890720601002929e-07
-5600.000141467903 4.177272979582514e-10 0.7763630778785384 2.980344763203746e-07 2.926970214811586e-07
-5400.000136415478 6.278160500906025e-10 -2.3392912676184894 -4.3636602709007377e-07 -4.5137310858422985e-07
-5200.000131363053 4.6480752828883683e-10 -2.3576030357743796 -3.2913117364863353e-07 -3.28205284672034e-07
-5000.000126310628 4.4629238098351074e-10 -1.263214564085555 1.3511715080127829e-07 -4.2534720509634916e-07
-4800.000121258202 8.078049059282182e-10 0.8472530214724895 5.34802717777616e-07 6.054211914852115e-07
-4600.000116205777 6.897098002432513e-10 -2.3249723161844673 -4.722362531017765e-07 -5.026853188705438e-07
-4400.000111153352 8.074934407832349e-10 0.16711967765575586 7.962434240837979e-07 1.343207597925833e-07
-4200.000106100927 4.2305804917522476e-10 0.9452143304940696 2.4772974283049365e-07 3.4294035558546376e-07
-4000.000101048502 6.139934721179067e-10 -0.1503863172224712 6.070634958055265e-07 -9.19885637662432e-08
-3800.0000959960767 1.0603770120538886e-09 1.7922410519699783 -2.3290046302637535e-07 1.0344838239501053e-06
-3600.0000909436517 3.8814163044266487e-10 -2.6205802976157653 -3.366413359184861e-07 -1.9320076664886e-07
-3400.0000858912267 1.9377634425988762e-10 -1.58849007338822 -3.4284506345017007e-09 -1.9374601240018663e-07
-3200.0000808388013 7.20330131166259e-10 -2.6400182018938287 -6.316046501364525e-07 -3.463395209790665e-07
-3000.0000757863763 7.073323131796775e-10 -1.8348658403889682 -1.846216201029094e-07 -6.828131945552096e-07
-2800.0000707339514 7.68014103795522e-10 2.3916611323113823 -5.61983218738682e-07 5.234696987266307e-07
-2600.0000656815264 2.6823311669466367e-10 -0.6424175367530698 2.1476075728887878e-07 -1.6070725565586752e-07
-2400.000060629101 4.3994044847723367e-10 -2.9091573699408046 -4.281097100156117e-07 -1.0133940199497093e-07
-2200.000055576676 1.494614945104829e-10 1.8362596327207266 -3.921217561764223e-08 1.442260157691333e-07
-2000.000050524251 1.3897055045667337e-10 1.80802288626955 -3.26591588217795e-08 1.350784706727337e-07
-1800.0000454718258 9.882753084963722e-10 0.8979422833137672 6.159134476879657e-07 7.728769050377449e-07
-1600.0000404194006 4.2029355215340823e-10 1.4943303632241105 3.21068417408199e-08 4.1906541338454506e-07
-1400.0000353669757 7.774214467700808e-10 1.8065159286160226 -1.8156114123257794e-07 7.559230502454661e-07
-1200.0000303145505 6.800546613479404e-10 -1.4661736158272638 7.101943455545268e-08 -6.763361459632966e-07
-1000.0000252621255 5.68235447001726e-10 1.787081190363456 -1.2194476639582064e-07 5.549963938422664e-07
-800.0000202097003 6.376342478755162e-11 -0.9717814863481107 3.595167519243603e-08 -5.266166909143055e-08
-600.0000151572752 2.2218560854301247e-10 1.1277730079542612 9.524494182233667e-08 2.0073576089199574e-07
-400.00001010485016 4.662182288681754e-10 2.7858562884565607 -4.3702843666171276e-07 1.6237482094831612e-07
-200.00000505242508 1.5166800984098383e-09 1.336302458840316 3.524017356815179e-07 1.4751716976681498e-06
0.0 0.9999999931454658 0.0 999.9999931454659 0.0
200.00000505242508 1.5166641824333948e-09 -1.3363438596667891 3.5233696460412744e-07 -1.4751708055848675e-06
400.00001010485016 4.662298822847312e-10 -2.785862860578479 -4.370404276254902e-07 -1.623760073291708e-07
600.0000151572752 2.2219091342609675e-10 -1.1277527214303855 9.525128819021234e-08 -2.0073862136427145e-07
800.0000202097003 6.374884026436969e-11 0.9720711113674131 3.592820185804868e-08 5.266003177267775e-08
1000.0000252621255 5.682210776118848e-10 -1.7871032126539736 -1.2195390464153633e-07 -5.549796736684098e-07
1200.0000303145505 6.800574511883301e-10 1.4661783224270528 7.101654264651813e-08 6.763392548028713e-07
1400.0000353669757 7.774218284491981e-10 -1.8065152625782095 -1.8156072689734515e-07 -7.559235422963106e-07
1600.0000404194006 4.2029012017112456e-10 -1.4943547441047613 3.209636245671277e-08 -4.19062774092982e-07
1800.0000454718258 9.882770714403462e-10 -0.8979481648513167 6.159100006675189e-07 -7.72881906252465e-07
2000.000050524251 1.38968527203064e-10 -1.8080165424743317 -3.2657826443127647e-08 -1.3507671126067322e-07
2200.000055576676 1.4946545964619447e-10 -1.8363236180052345 -3.9222444403463896e-08 -1.4422733264629617e-07
2400.000060629101 4.3994567022931924e-10 2.909160650486131 -4.281151237961467e-07 1.0133920036459187e-07
2600.0000656815264 2.682325604005604e-10 0.6424201081985246 2.1475989864239153e-07 1.6070747460572576e-07
2800.0000707339514 7.680142361074343e-10 -2.3916597106671484 -5.619825713676363e-07 -5.2347058784874e-07
3000.0000757863763 7.073344470868285e-10 1.8348665898262044 -1.846226888035929e-07 6.828151161292206e-07
3200.0000808388013 7.203260390802532e-10 2.6400055995948875 -6.315966973868825e-07 3.46345513074775e-07
3400.0000858912267 1.937751268460147e-10 1.5885018601262193 -3.4307127139143745e-09 1.9374475475342212e-07
3600.0000909436517 3.8814234148990484e-10 2.620575001262449 -3.366409293548145e-07 1.9320290355062664e-07
3800.0000959960767 1.0603778285401131e-09 -1.7922472253908035 -2.3290702866329838e-07 -1.0344831826852863e-06
4000.000101048502 6.1398946774758e-10 0.1503843763949466 6.070597151630608e-07 9.198678563304696e-08
4200.000106100927 4.2306012640302077e-10 -0.9452179300981021 2.4772972473385835e-07 -3.42942931164103e-07
4400.000111153352 8.074898418210794e-10 -0.16712379139282524 7.962393226979003e-07 -1.3432343665131796e-07
4600.000116205777 6.896885593454685e-10 2.324975349608665 -4.7222323451556747e-07 5.026684052888974e-07
4800.000121258202 8.078032631968159e-10 -0.8472539438987927 5.348010717609597e-07 -6.054204536309893e-07
5000.000126310628 4.4628971872174096e-10 1.2632165000722286 1.3511552132694504e-07 4.253449293611933e-07
5200.000131363053 4.648105033844536e-10 2.3576080674641253 -3.291349317535719e-07 3.282057293163554e-07
5400.000136415478 6.278197019922563e-10 2.339298432904243 -4.36371799583668e-07 4.5137260742955654e-07
5600.000141467903 4.1772730152511884e-10 -0.7763668917827468 2.980333625446363e-07 -2.926981606532486e-07
5800.000146520328 5.131002177365537e-10 1.2635708061171185 1.5516932339032508e-07 4.890749579766762e-07
6000.000151572753 2.703316041830496e-10 1.5882211813707174 -4.7102505229545955e-09 2.7029056542948737e-07
6200.000156625178 1.8938615347849203e-10 1.913681560848705 -6.367271720986167e-08 1.783617117334657e-07
6400.000161677603 1.6386481954840445e-10 -2.113297737960003 -8.46001065868407e-08 -1.4033709791472226e-07
6600.0001667300285 3.720959570602004e-10 -2.3046593095826298 -2.492087548544575e-07 -2.7631575735820313e-07
6800.000171782453 1.0017035480106625e-09 -1.3165514385264665 2.519431101521974e-07 -9.695022781530671e-07
7000.000176834878 3.3549307710463616e-10 0.34520054188025495 3.157015390220508e-07 1.135259575790748e-07
7200.000181887303 7.192730374019795e-10 -2.3953732414251876 -5.281338728568841e-07 -4.88291219125081e-07
7400.000186939728 7.294216695335447e-10 1.9034422484015916 -2.3818903194250396e-07 6.89435970230301e-07
7600.000191992153 5.140950365223898e-10 -2.050921562790273 -2.3745548782816428e-07 -4.5596995282282116e-07
7800.000197044578 1.9888599283099302e-10 -0.69365754867222 1.5292596489135946e-07 -1.2715851291367208e-07
8000.000202097004 3.8114309213408793e-10 1.969187018084914 -1.4785896162994305e-07 3.5129444081460903e-07
8200.00020714943 1.0002859161271747e-10 0.8399099878507102 6.677207076144498e-08 7.447959254891501e-08
8400.000212201854 3.789164623579015e-10 1.5922154047083763 -8.115420668808326e-09 3.788295466211622e-07
8600.000217254279 7.39907848987004e-10 -0.07438694743017354 7.378616830866491e-07 -5.498874089404637e-08
8800.000222306704 8.391638276339225e-10 -2.0452425757896466 -3.833685795484598e-07 -7.464746893393048e-07
9000.000227359129 1.0053933632032861e-09 -0.517874847884205 8.735593136632858e-07 -4.977046717535849e-07
9200.000232411554 4.837719054887613e-10 2.4518743552698328 -3.7319388634937667e-07 3.0783368842879355e-07
9400.000237463979 3.6330025076240736e-10 -1.774990920848125 -7.366949894560548e-08 -3.55752550418309e-07
9600.000242516404 2.816942124637709e-10 0.5614031073841762 2.384566765156748e-07 1.499668055293668e-07
9800.000247568829 3.137745380260282e-10 -0.6198612203191017 2.553996357734789e-07 -1.8227859654995626e-07
10000.000252621256 5.133777283573473e-10 0.4121382479353138 4.703907636738336e-07 2.0564343272688745e-07
10200.00025767368 9.664009907469269e-10 -2.273780550875746 -6.247756078048283e-07 -7.372830628793459e-07
10400.000262726106 4.790092988732946e-10 1.2358680189186275 1.5745105697018147e-07 4.5239260942908643e-07
10600.00026777853 8.881261172236005e-10 1.0882734197628698 4.1210429257976244e-07 7.867261608285325e-07
10800.000272830956 6.902477814743403e-10 2.841708528915709 -6.594425242534285e-07 2.0390575528050903e-07
11000.00027788338 6.320595509322816e-10 2.4037511023136964 -4.6767492711818903e-07 4.251816534961428e-07
11200.000282935805 5.994344870934881e-10 0.085544025814861 5.972425592970509e-07 5.121552187903333e-08
11400.00028798823 4.3486437430679864e-10 0.9298531673422398 2.6002788311441094e-07 3.4855777719666747e-07
11600.000293040655 3.622953628985119e-10 0.9830251513456916 2.0089553998126064e-07 3.014944642831807e-07
11800.00029809308 8.872357618978646e-10 -2.6169352333586793 -7.678986447823277e-07 -4.444310616191771e-07
12000.000303145505 1.680747905626393e-10 -2.697285771897331 -1.5175620859952943e-07 -7.224395043303744e-08
12200.00030819793 4.04983037603741e-10 0.23520219860843095 3.938327371999506e-07 9.437709391768578e-08
12400.000313250355 4.885544524040999e-10 -2.555532700337241 -4.0702756920474314e-07 -2.702110487584619e-07
12600.00031830278 2.1072726558930564e-10 1.7081094436941184 -2.884477368070293e-08 2.0874376516211157e-07
12800.000323355205 5.125928532132344e-10 2.072142136824758 -2.4635528461658396e-07 4.495114090952157e-07
13000.000328407632 5.077556671202853e-10 -2.6642227948600614 -4.509918321016215e-07 -2.3328562936963948e-07
13200.000333460057 2.5961057673674875e-10 0.49190742138371274 2.288294780328215e-07 1.2261615528474934e-07
13400.000338512482 3.7786445840870777e-10 0.3071938461501822 3.6017505899987867e-07 1.1426056101271342e-07
13600.000343564907 6.780154241535511e-10 0.9300510818336849 4.053128970227249e-07 5.435313890633786e-07
13800.000348617332 5.65105350974804e-10 2.513216955878137 -4.5716084318137007e-07 3.321867263483824e-07
14000.000353669757 1.980435366433734e-10 -1.9539500084050374 -7.403804791472623e-08 -1.8368345017227838e-07
14200.000358722182 1.7239415070999307e-10 2.0974153518902896 -8.664759787446741e-08 1.4903669676158415e-07
14400.000363774607 3.9846165211801994e-10 -1.3067332393325328 1.0400046202008184e-07 -3.8464996049425437e-07
14600.000368827032 5.983592901029421e-10 -1.119929070853222 2.6073283987404494e-07 -5.385649693989691e-07
14800.000373879457 5.423478492634389e-10 -2.0304576059495933 -2.40609678292536e-07 -4.860536722550712e-07
15000.000378931882 3.5465454407374377e-10 1.6383561264102506 -2.39421669157025e-08 3.5384547231176455e-07
15200.000383984307 3.426005925837804e-10 -0.2378264147589576 3.329571899302053e-07 -8.071354107297424e-08
15400.000389036732 4.918821938171576e-10 -0.624026399560596 3.9917833039027073e-07 -2.874104262917676e-07
15600.000394089157 5.810974200795002e-10 1.8435480104143112 -1.5653742702070872e-07 5.596161591348014e-07
15800.000399141583 7.868855752568148e-10 0.3660039997746686 7.347661410417317e-07 2.816160977747728e-07
16000.000404194008 8.523537088024092e-10 2.628643836564728 -7.42656783625506e-07 4.1829146135707873e-07
16200.000409246433 5.25219764857543e-10 1.0564514314154567 2.583895371000011e-07 4.5726430925041583e-07
16400.00041429886 5.623069157755298e-10 2.846269511439534 -5.37963604663183e-07 1.6365887567371118e-07
16600.000419351283 7.280611682462032e-10 -0.5497721599950898 6.207766874988252e-07 -3.8040684663398494e-07
16800.000424403708 4.827784348383971e-10 0.46646246621484083 4.312007074736002e-07 2.1711970665805325e-07
17000.000429456133 6.404724489011511e-10 -0.07387825862744536 6.387253953521466e-07 -4.727395830350645e-08
17200.000434508558 6.572090040306826e-10 2.114305387355692 -3.398707545398949e-07 5.625047068136269e-07
17400.000439560983 4.249772879073864e-10 -2.067726083547435 -2.0259895128216243e-07 -3.7357644488977826e-07
17600.000444613408 6.187685319928677e-10 -2.3983729155807936 -4.55595374537765e-07 -4.18697206683305e-07
17800.000449665833 8.066102974116783e-10 -1.332648269037062 1.9028207776106143e-07 -7.838449481711862e-07
18000.000454718258 4.257115345789759e-10 -2.3697840554446423 -3.050863701670181e-07 -2.9690506464508104e-07
18200.000459770683 4.528913914545793e-10 -2.3228742676670104 -3.093962384070892e-07 -3.3073339733569185e-07
18400.000464823108 4.5975241644671795e-10 -2.4675119903540166 -3.59195879262586e-07 -2.869679507355727e-07
18600.000469875533 8.126329569247246e-10 0.32484043704286075 7.701336056653574e-07 2.5935796132969813e-07
18800.000474927958 7.314355632535895e-10 2.0220702982054664 -3.189880638521103e-07 6.582131860666252e-07
19000.000479980383 4.2230674874539227e-10 0.5845944612027194 3.5217678207022374e-07 2.330547236306657e-07
19200.000485032808 3.5323388019628385e-10 -2.7476553390667915 -3.261779216723326e-07 -1.355807417446897e-07
19400.000490085233 8.437442484018168e-10 0.08612484939586736 8.406169500485561e-07 7.257754475187284e-08
19600.000495137658 7.730790766590888e-10 2.515222361977905 -6.263182120713751e-07 4.5318512331693483e-07
19800.000500190083 7.099315895832668e-10 -2.0391472568438953 -3.204740608442336e-07 -6.334818373199269e-07
20000.00050524251 4.3571633746293553e-10 -2.6940529920615135 -3.928046128365281e-07 -1.8855572880838167e-07
20200.000510294936 3.150497792900163e-10 1.4454829970325611 3.937668957565421e-08 3.12579333527907e-07
20400.00051534736 7.483402628720954e-10 -2.3239605109572468 -5.118277285331985e-07 -5.459354589509857e-07
20600.000520399786 4.887519709703498e-10 -1.3784678712189216 9.342246332089132e-08 -4.797402760603475e-07
20800.00052545221 6.228862703113956e-10 -1.9321538356569754 -2.2021795054172344e-07 -5.826588710400316e-07
21000.000530504636 6.462741129726181e-10 -1.9025523496789785 -2.1049393439387387e-07 -6.110339865195158e-07
21200.00053555706 3.4601523637718436e-10 -2.7850744812963053 -3.2425700469129737e-07 -1.2076397937210714e-07
21400.000540609486 6.82423369119144e-10 2.008232016273961 -2.890868248117684e-07 6.181670182403565e-07
21600.00054566191 5.135591080056552e-10 -1.9371350784473018 -1.8395663314851873e-07 -4.794819230546921e-07
21800.000550714336 2.43850713766648e-10 -0.7102149427031891 1.8489291531142982e-07 -1.5898987537621423e-07
22000.00055576676 5.972410133508821e-10 -2.6598897715172787 -5.292793349154223e-07 -2.766951637811488e-07
22200.000560819186 3.879460018082259e-10 -1.0812871885318045 1.8240938892688519e-07 -3.423870837959697e-07
22400.00056587161 4.1513331568114066e-10 1.9622964615631369 -1.5840469214101205e-07 3.8372336819136876e-07
22600.000570924036 8.804293868362102e-10 -1.0797042662005176 4.15200962278206e-07 -7.76378816125245e-07
22800.00057597646 8.595552451629421e-10 -2.9795987807510924 -8.483016564753143e-07 -1.3863448022899405e-07
23000.000581028886 2.8663288891104503e-10 1.1774981741908395 1.0984828058280272e-07 2.6474850001179107e-07
23200.00058608131 3.41523642892909e-10 -1.8873107995214464 -1.0630130709010643e-07 -3.2455882481574605e-07
23400.000591133736 1.4848046197844977e-09 2.6043892392943544 -1.2756597194130137e-06 7.598269797792767e-07
23600.00059618616 1.16920523939178e-09 -1.0334175218278396 5.984998004970876e-07 -1.004409717508814e-06
23800.000601238586 5.16547445614015e-10 -2.518140248502025 -4.193681564235163e-07 -3.015818511586943e-07
24000.00060629101 5.090679638425771e-10 0.13655375946991322 5.043290574047177e-07 6.929930496113457e-08
24200.000611343436 7.430559040766425e-10 -0.863357085143297 4.829043447340808e-07 -5.647437210098971e-07
24400.00061639586 4.70774277254217e-10 1.4614229139120303 5.138759184841746e-08 4.679612543023737e-07
24600.000621448286 4.513197847993924e-10 -0.1659957486342884 4.4511608399133706e-07 -7.45735873053377e-08
24800.00062650071 4.911831436854558e-10 -1.0816125206503215 2.3080969846489552e-07 -4.335755571238664e-07
25000.000631553135 2.281922641955723e-10 -1.5707964601040207 -3.042011087472929e-14 -2.2819226419557026e-07
25200.00063660556 6.842077453037601e-10 -2.5667010283903102 -5.742221955706839e-07 -3.7203374692040825e-07
25400.000641657985 1.4048190560533472e-10 1.0516559852896108 6.969783938881591e-08 1.2197285348403142e-07
25600.00064671041 1.3828417048048978e-10 2.3327624821382074 -9.546382062630698e-08 1.0004584327649724e-07
25800.00065176284 1.2272821149897429e-09 2.335854575730094 -8.499898409564111e-07 8.852901558498161e-07
26000.000656815264 2.712381421162146e-10 0.469285500649051 2.4191503344983545e-07 1.2266721782783208e-07
26200.00066186769 4.028400517544669e-10 2.510015986530175 -3.25131246703414e-07 2.3784402392035275e-07
26400.000666920114 2.689360253699998e-10 0.8105573004163928 1.853223844383578e-07 1.9489022440311032e-07
26600.00067197254 4.356992432518825e-10 2.9297740607820346 -4.259614496682218e-07 9.160062208746211e-08
26800.000677024964 1.8185217183865748e-10 -0.11116338675258775 1.8072972762794848e-07 -2.0173694603720094e-08
27000.00068207739 8.130167059260504e-10 -0.06816643233389268 8.111285301204418e-07 -5.537753822171254e-08
27200.000687129814 3.2063524568477367e-10 -1.4884525162846656 2.6372501182869712e-08 -3.195488256224621e-07
27400.00069218224 2.715523152370272e-10 -1.129491458205904 1.1598533911083564e-07 -2.4553627231416186e-07
27600.000697234664 2.928717751012037e-10 -2.117676227507369 -1.5230056515935786e-07 -2.501567798463e-07
27800.00070228709 9.458300165167914e-11 1.302183752709883 2.510176300152267e-08 9.119125887746549e-08
28000.000707339514 1.648603384590196e-11 2.49668939466308 -1.3174944579752434e-08 9.91010329354225e-09
28200.00071239194 5.438062246629382e-10 -2.992989866558521 -5.378128871136312e-07 -8.051402633491023e-08
28400.000717444364 5.405399981055011e-10 -2.0123478227742093 -2.3099580626073646e-07 -4.886966615824662e-07
28600.00072249679 3.678598411439468e-10 1.4735309451222334 3.572363804771328e-08 3.661211335215242e-07
28800.000727549213 7.04144215328068e-10 2.06046874372657 -3.3118495501582856e-07 6.213981023073245e-07
29000.00073260164 9.598936016435558e-10 2.6689902081654466 -8.546764564965059e-07 4.3694837359442573e-07
29200.000737654063 4.588012179912653e-10 -2.252998008101047 -2.89275758125207e-07 -3.561152810416246e-07
29400.00074270649 7.021666343301792e-10 0.6459012757125038 5.60720500142331e-07 4.226470194934606e-07
29600.000747758913 4.0717642021025583e-10 3.1077170085971164 -4.069428130026864e-07 1.3790725894580191e-08
29800.00075281134 2.6414123704438355e-10 -0.8260188140035163 1.7903710858302446e-07 -1.9420686614424199e-07
30000.000757863763 8.550644153051175e-10 -2.489534984655867 -6.796366985861724e-07 -5.188729249594459e-07
30200.00076291619 1.3090561202038846e-09 -1.7379379462849671 -2.1778044789755313e-07 -1.2908135428313372e-06
30400.000767968613 6.726780665593708e-10 -1.8586656877702499 -1.9097996650785376e-07 -6.44998010557174e-07
30600.00077302104 4.3204587248560245e-10 -2.8050839307196167 -4.078138078345006e-07 -1.4265880299291211e-07
30800.000778073463 2.2083025292026544e-10 -0.6373434459103481 1.7747672687029592e-07 -1.31407808079409e-07
31000.000783125888 3.6804081151973897e-10 -1.6817750409212113 -4.0760905206660425e-08 -3.6577669082493713e-07
31200.000788178313 5.00198980890099e-10 0.7504650445267934 3.65831427706631e-07 3.411251778828728e-07
31400.00079323074 1.4217395026969601e-10 -0.6808041280155603 1.104786618855158e-07 -8.94868560363804e-08
31600.000798283167 5.421930318148869e-10 2.862465737764185 -5.212081845007432e-07 1.4938310533008092e-07
31800.00080333559 2.909778312920036e-10 -0.20818619105064706 2.8469486690330115e-07 -6.014092668316096e-08
32000.000808388017 6.529266848644323e-10 -1.206791016954276 2.3245492852819183e-07 -6.101458530638482e-07
32200.00081344044 4.0521589416471487e-10 0.9804781115036738 2.255534643502699e-07 3.366386127634513e-07
32400.000818492867 2.212536328139324e-10 1.2883606298886432 6.166242860761173e-08 2.12487446527021e-07
32600.00082354529 4.84712409845112e-10 -2.64294409436605 -4.2568882241411643e-07 -2.3180842678716118e-07
32800.00082859772 3.318717124252931e-10 2.882288333379689 -3.2077677314390485e-07 8.509462567918291e-08
33000.00083365014 6.744326209933667e-10 -2.363242565933411 -4.802452052699024e-07 -4.7352286436375124e-07
33200.00083870257 3.976454627048871e-10 2.2002717717043856 -2.341021636542706e-07 3.2143131611928055e-07
33400.00084375499 3.3592974613604603e-10 -2.0340427453108556 -1.5011179393953356e-07 -3.0052494681687136e-07
33600.000848807416 6.025979504286686e-10 3.0899045820561852 -6.017931621915551e-07 3.113325874881667e-08
33800.00085385984 3.7184185433492505e-10 2.4196664171590165 -2.790800303076324e-07 2.4572484880192036e-07
34000.000858912266 2.7051961601853546e-10 -0.5698501101033397 2.2777260705320046e-07 -1.4594691544189686e-07
34200.00086396469 4.2529870262716547e-11 -2.1962214019216546 -2.4898769768189055e-08 -3.4479575528045814e-08
34400.000869017116 4.429522226582376e-10 -1.3432824089485031 9.991062316361266e-08 -4.3153741313695093e-07
34600.00087406954 7.827015837626774e-10 -1.1431067238611983 3.246408383783539e-07 -7.122008812698866e-07
34800.000879121966 4.886524426930847e-10 1.6718346098561858 -4.928864139053246e-08 4.861603023487149e-07
35000.00088417439 7.879460322881557e-10 0.33520834727780874 7.440903673217036e-07 2.5920739776807977e-07
35200.000889226816 4.705979409482253e-10 1.9566311711131676 -1.7710141170246274e-07 4.360017339388733e-07
35400.00089427924 6.180519938360743e-10 -1.6460814484935993 -4.648617774050123e-08 -6.163013080984214e-07
35600.000899331666 6.104080767977005e-10 -1.777385691008683 -1.2520872777477265e-07 -5.974284850163158e-07
35800.00090438409 5.777740575279761e-10 -0.5240192933993078 5.002454850910887e-07 -2.890974164504456e-07
36000.000909436516 1.001982173456526e-09 1.684447018366769 -1.1363097912608922e-07 9.955180945153685e-07
36200.00091448894 4.544773520518021e-10 1.2710027067482803 1.3421763234156003e-07 4.342065069717904e-07
36400.000919541366 3.058846694472553e-10 1.425158054905339 4.439119882793108e-08 3.026464149291641e-07
36600.00092459379 2.1547654574613175e-10 -2.359726663242177 -1.5290215438223953e-07 -1.5182579804484675e-07
36800.000929646216 2.2450344830486333e-10 -0.3078613893763329 2.13948147753662e-07 -6.802931995508743e-08
37000.00093469864 5.54735326110209e-10 1.1439435677626917 2.296648675126356e-07 5.049607219032026e-07
37200.000939751066 1.7422709400479767e-10 0.24279314878177533 1.691170565254474e-07 4.1886769719390315e-08
37400.00094480349 1.0326985748615876e-09 -0.05726244345578576 1.03100593462635e-06 -5.910253197960458e-08
37600.000949855916 9.519004660523542e-10 2.535388244001849 -7.8228748912057e-07 5.42347473153626e-07
37800.00095490834 1.5222467559838254e-10 -2.3152223921276573 -1.0313979947884633e-07 -1.1195773141903231e-07
38000.000959960766 3.5932450630508526e-10 2.3918991438589963 -2.629887977390055e-07 2.448489189177394e-07
38200.00096501319 1.4787813225542907e-10 2.125250795922857 -7.785481620503631e-08 1.2572418062184454e-07
38400.000970065616 3.5000053347486505e-10 -2.4228482812809853 -2.6342197878559404e-07 -2.3045440877833556e-07
38600.00097511804 1.1657265389612268e-09 -0.3040281419139956 1.112264389924178e-06 -3.489789256461151e-07
38800.000980170465 8.25528029326777e-10 1.3112643027409914 2.1185383536348468e-07 7.978812440745386e-07
39000.00098522289 5.762097229558313e-10 0.649398746265461 4.589208078553675e-07 3.4843842633414113e-07
39200.000990275315 6.379934669849382e-10 -1.3405756706712166 1.45585237087964e-07 -6.211606898842703e-07
39400.00099532774 2.1759025222276102e-10 1.8264812161040112 -5.5030335455175106e-08 2.10516460263932e-07
39600.001000380165 1.860330555617825e-10 0.5278792450255587 1.6070972291837293e-07 9.370529718832898e-08
39800.00100543259 2.222260844050001e-10 -2.33061306226206 -1.5306679285176372e-07 -1.6110552292225577e-07
40000.00101048502 1.749784249485115e-10 1.1800790862887913 6.664083052054792e-08 1.6179137463101512e-07
40200.00101553745 3.503367547426169e-10 0.6300106046806624 2.830795461927771e-07 2.064020645509146e-07
40400.00102058987 6.471438469519481e-12 1.692466833127685 -7.85441933714992e-10 6.42359687663685e-09
40600.0010256423 2.922426777919477e-10 2.4286869810497986 -2.2107125841053232e-07 1.9113681337667998e-07
40800.00103069472 6.799911752168233e-10 -2.682946724841584 -6.097160002438429e-07 -3.010554723292813e-07
41000.00103574715 2.4199869599400104e-10 1.2740686814396134 7.075858682314973e-08 2.3142297045364302e-07
41200.00104079957 8.135673367997459e-11 -2.5917363359079024 -6.936471974583469e-08 -4.2514159637185855e-08
41400.001045852 3.445975765912441e-10 1.6954546910776727 -4.2845800185542515e-08 3.419235692359024e-07
41600.00105090442 2.9062078841724075e-10 2.467605977952016 -2.27073581104964e-07 1.813781448367635e-07
41800.00105595685 4.5997324863373246e-10 -2.50311412536146 -3.693601033361027e-07 -2.7413227376982263e-07
42000.00106100927 7.763900050821863e-10 -0.9946021291396887 4.230056628029555e-07 -6.510358279143702e-07
42200.0010660617 6.845184063849476e-10 -0.5023950628058608 5.999336933348864e-07 -3.2961342855131193e-07
42400.00107111412 4.508998617424989e-10 -0.9956147325946839 2.4528374162335886e-07 -3.783471572704755e-07
42600.00107616655 3.1829325138601685e-10 0.704490440355195 2.4252088984266784e-07 2.0614124252027466e-07
42800.00108121897 4.5746249559114125e-10 -0.661132682094893 3.6107389358996933e-07 -2.808871272241831e-07
43000.0010862714 4.056881260308175e-10 2.7711812519513295 -3.781737477892566e-07 1.4685868066077745e-07
43200.00109132382 3.954950771582065e-10 -1.0417494562588998 1.9961061498152688e-07 -3.414263587409039e-07
43400.00109637625 4.99645308480169e-10 0.9989215277877393 2.7041278485850917e-07 4.2014564149983613e-07
43600.00110142867 6.615776379683375e-10 2.5493829358976576 -5.489170862293946e-07 3.692898637996933e-07
43800.0011064811 1.2674017827506943e-09 -2.617979184144433 -1.0975928290413162e-06 -6.337170193049246e-07
44000.00111153352 3.4910638598969257e-10 2.0451071347125747 -1.5944576953197398e-07 3.105677306436405e-07
44200.00111658595 3.415319668599437e-10 2.327188483602909 -2.3439402835334633e-07 2.4840194012831773e-07
44400.00112163837 5.601260732655561e-10 -0.7655907882933018 4.0383582516900773e-07 -3.881466787980514e-07
44600.0011266908 5.427483024539031e-10 0.9618290327904212 3.104632635420046e-07 4.451834249019626e-07
44800.00113174322 7.540802870168599e-10 2.7925851825219046 -7.086187366334151e-07 2.578692795962567e-07
45000.00113679565 5.4179052659666e-10 -2.0658619134144423 -2.573989169307733e-07 -4.76741829791294e-07
45200.00114184807 2.529183335288347e-10 0.41330990438907605 2.3162171014501354e-07 1.0158280772110118e-07
45400.0011469005 6.334503584516466e-10 2.8720907170199315 -6.105850973991966e-07 1.686570350045713e-07
45600.00115195292 9.352679952042446e-10 -1.168965016112491 3.6578746290261144e-07 -8.607704425900309e-07
45800.00115700535 5.070581081426803e-10 0.2526990303579812 4.909545219811129e-07 1.2677374483516246e-07
46000.00116205777 3.237465800114284e-10 -0.6938306325039835 2.488970254621581e-07 -2.070316854618781e-07
46200.0011671102 5.280369459969513e-10 2.6188349850365533 -4.575153153829614e-07 2.6363374694415853e-07
46400.00117216262 7.014121524646506e-10 -1.884364494313219 -2.1635392624674843e-07 -6.672106011018641e-07
46600.00117721505 6.584748922352749e-10 -2.0710132699438955 -3.1581503652511334e-07 -5.777975825571602e-07
46800.00118226747 5.157689058343386e-10 1.9435545772601583 -1.878356318818497e-07 4.803491850946529e-07
47000.0011873199 5.148060948173622e-10 -1.9824495392920445 -2.0598677745453653e-07 -4.7179949425046885e-07
47200.00119237232 5.52723100921178e-10 2.2137281795683093 -3.313820940709089e-07 4.4236719365375876e-07
47400.001197424746 3.19538202349848e-10 -1.711951723792157 -4.4954907449379355e-08 -3.163601097755375e-07
47600.00120247717 7.910245478868512e-10 -1.6323372587339124 -4.864966592077469e-08 -7.89527102362797e-07
47800.001207529596 9.412163536529934e-10 1.2057285868172174 3.3602607045490895e-07 8.791897999627096e-07
48000.00121258202 5.607723943705355e-10 -0.7806766052525062 3.983937563040163e-07 -3.946493294382236e-07
48200.001217634446 3.347972333092275e-10 0.1966149329825293 3.283468525128175e-07 6.54028430302489e-08
48400.00122268687 7.890347903783931e-10 -1.47416748466629 7.612492426006812e-08 -7.853539942814791e-07
48600.001227739296 1.8361597894623434e-10 -0.32126993457734326 1.7422129929695052e-07 -5.798074331764269e-08
48800.00123279172 3.8980062128755146e-10 1.064598292998633 1.8899700689190002e-07 3.409173737756177e-07
49000.001237844146 3.358456912631181e-10 1.831653902688552 -8.661769691775678e-08 3.244837483151741e-07
49200.00124289657 3.277684932662306e-10 0.9191618702328824 1.9878725189895197e-07 2.606066262789142e-07
49400.001247948996 5.179390626499395e-10 -1.0291429840970634 2.6702523163099623e-07 -4.437999530093606e-07
49600.00125300142 6.965444733913597e-10 2.9424230676190746 -6.827746373352928e-07 1.378150863429184e-07
49800.001258053846 1.6796798750686138e-10 -2.573774916441904 -1.4160987788815194e-07 -9.03320945822017e-08
50000.00126310627 4.3392851991338576e-10 -2.8632919557899856 -4.172325396268108e-07 -1.1920976583645881e-07
50200.001268158696 9.435527335960923e-10 -1.62058283302239 -4.695678983319962e-08 -9.423835848343387e-07
50400.00127321112 5.244444514444443e-10 -0.8769102576343282 3.3539768925887337e-07 -4.0317536220690897e-07
50600.001278263546 4.6210244510721866e-10 2.6674092932877262 -4.111167903886326e-07 2.110015507872376e-07
50800.00128331597 4.2564592278930213e-10 -1.2741083642819038 1.2443949298085455e-07 -4.070494615815434e-07
51000.001288368396 1.4959190761373913e-10 2.7512664714035555 -1.383403522778326e-07 5.691823745657132e-08
51200.00129342082 3.5820269970942763e-10 -1.4316837622580496 4.96699291280267e-08 -3.547422616767548e-07
51400.00129847325 3.433163905102225e-10 -2.1829259388117017 -1.972736120431362e-07 -2.809791201929812e-07
51600.00130352568 1.25279097565076e-09 -2.1970958802598086 -7.343242678786721e-07 -1.0150138414211085e-06
51800.0013085781 9.939981617115454e-10 -0.8050107208923758 6.889436118678871e-07 -7.165117201779481e-07
52000.00131363053 8.580315493145946e-10 1.471680996017229 8.490490584212029e-08 8.538204123720305e-07
52200.00131868295 2.5093962234840534e-10 -1.7222805808593924 -3.7868182936606765e-08 -2.480659081482983e-07
52400.00132373538 2.2724883454095857e-10 -1.7033868617655257 -3.00428368987804e-08 -2.2525421361496711e-07
52600.0013287878 1.2052446470334533e-09 -1.5873502800816848 -1.9950652366262922e-08 -1.2050795121787417e-06
52800.00133384023 1.3772457444423782e-10 1.7311395592196839 -2.198869866743003e-08 1.3595791825693482e-07
53000.00133889265 1.0617128561740065e-09 -1.6201828885856735 -5.24130353285468e-08 -1.0604183432461056e-06
53200.00134394508 8.924435888136657e-10 -0.7335837678594146 6.628889956394879e-07 -5.97523002632272e-07
53400.0013489975 2.585869962560157e-10 -1.8415997931517094 -6.917349751334179e-08 -2.4916312302281085e-07
53600.00135404993 6.628311862001913e-10 -1.0336204030414207 3.3917847969133774e-07 -5.694761981978047e-07
53800.00135910235 8.986866127765372e-10 -1.3616523444729778 1.8658766175183583e-07 -8.791033343502619e-07
54000.00136415478 8.008847636306172e-10 -0.015486690735744865 8.007887244143586e-07 -1.2402558868807034e-08
54200.0013692072 1.3684874377897498e-10 -2.9039402235235747 -1.330023801093816e-07 -3.221716249335316e-08
54400.00137425963 5.679374013522904e-10 1.602940718455024 -1.825285855794334e-08 5.676440125723659e-07
54600.00137931205 4.795697705813644e-10 0.47969862441853 4.2544267353505916e-07 2.2132712529376874e-07
54800.00138436448 7.943047621372842e-10 -2.7981777428089716 -7.479255787756767e-07 -2.674460389817668e-07
55000.0013894169 5.969706063032648e-10 0.24206030925809063 5.795666283281431e-07 1.4309587037519833e-07
55200.00139446933 1.197515907295028e-09 0.25749447044239954 1.1580350856299493e-06 3.0495751945913696e-07
55400.00139952175 3.395896905118304e-10 -0.8816816919833094 2.1592949650539595e-07 -2.620984747014887e-07
55600.00140457418 5.051517030323362e-10 2.24183662086694 -3.1410386233665655e-07 3.9562230313983093e-07
55800.0014096266 6.925146538615178e-10 3.1201925860347752 -6.923560869065426e-07 1.4818729243692985e-08
56000.00141467903 6.175392542575838e-10 2.917802067849476 -6.021398150368729e-07 1.370488004193149e-07
56200.00141973145 4.420849825071925e-10 -1.487233651194282 3.6898826605291646e-08 -4.405424024467308e-07
56400.00142478388 5.864520039395138e-10 -0.650208148356964 4.6679105433766743e-07 -3.5500994988169055e-07
56600.0014298363 5.256771940836338e-10 0.6731517002367837 4.1100629399881683e-07 3.2773516545070436e-07
56800.00143488873 4.818328253020893e-10 2.451878808811446 -3.716993962898929e-07 3.065981577510257e-07
57000.00143994115 3.797940093964438e-10 0.3818100225469937 3.524457037329398e-07 1.4151153837627106e-07
57200.00144499358 9.639748539529276e-10 1.2677764829149138 2.8765378057293844e-07 9.20055879594095e-07
57400.001450046 4.766515347585057e-10 1.3339659810598015 1.1183323761487785e-07 4.633465361392197e-07
57600.00145509843 3.65627453021281e-10 2.953432526845027 -3.591741464803455e-07 6.839127797420019e-08
57800.00146015085 4.559998300555798e-10 3.070611012254982 -4.5485155902857954e-07 3.234044310129747e-08
58000.00146520328 8.78592206880988e-10 2.4343425682845763 -6.67863178344108e-07 5.708616653832266e-07
58200.0014702557 4.329555788985459e-10 2.643413673859525 -3.803316250272637e-07 2.0687771340455186e-07
58400.00147530813 8.900176398499724e-10 -1.112805874839469 3.93518230001888e-07 -7.982949341567291e-07
58600.00148036055 2.786450011149755e-10 -2.7214442817425404 -2.544108079205465e-07 -1.1365816054986766e-07
58800.00148541298 2.9836204594876117e-10 3.112607399701137 -2.98236721041345e-07 8.646888760566185e-09
59000.0014904654 7.303740829873847e-10 2.435754265307257 -5.558643281222686e-07 4.7377331058306993e-07
59200.00149551783 6.061830061536601e-10 -2.257300756236185 -3.8422143261440667e-07 -4.6886216276131876e-07
59400.00150057025 1.7826196055195067e-10 1.0719675025586206 8.528005962515905e-08 1.5653957330385992e-07
59600.00150562268 2.3548068407971632e-11 -2.7320822609699404 -2.160101697512573e-08 -9.37590483029993e-09
59800.0015106751 2.6562004933195857e-10 -3.1385917233277865 -2.6561885330123047e-07 -7.971060478340064e-10
60000.00151572753 5.112190756731774e-10 -1.0060740868115787 2.735948396170862e-07 -4.318458139973558e-07
60200.00152077995 9.87507329897744e-10 0.14995979263834855 9.764246197141446e-07 1.4753199184536214e-07
60400.00152583238 6.108755630051006e-10 -0.0662285401821854 6.095363354607919e-07 -4.0427827419087237e-08
60600.0015308848 7.274150562701303e-10 0.0036291139391523212 7.274102660770332e-07 2.6398663255378096e-09
60800.00153593723 3.931903420119864e-10 1.5906104096766995 -7.790196265844429e-09 3.9311316168966215e-07
61000.00154098965 7.070177340520927e-10 1.954955210189324 -2.6497572347405907e-07 6.554860351171143e-07
61200.00154604208 4.2975922898556343e-10 2.653568145859769 -3.7958950366290267e-07 2.0150633639470783e-07
61400.0015510945 8.10157246862077e-10 -2.8771711713197177 -7.819993069757558e-07 -2.117353266051225e-07
61600.001556146926 3.663320242395094e-10 -0.6726843220457841 2.865272952234932e-07 -2.2825700662920667e-07
61800.00156119935 1.510040850509011e-10 -1.8984514671917436 -4.8596708934756094e-08 -1.4297060391132987e-07
62000.001566251776 7.116845362332527e-10 -0.6204917846049662 5.790212822542884e-07 -4.1379854254230963e-07
62200.0015713042 1.004265421868427e-09 1.8414310917510757 -2.6848348222419105e-07 9.677115568873518e-07
62400.001576356626 2.0298028030768832e-10 2.0424396482739877 -9.222425406685275e-08 1.8081947117387642e-07
62600.00158140905 5.014864231113705e-10 3.026915508497128 -4.981925494917938e-07 5.7383065410476775e-08
62800.00158646148 3.1474384554426164e-10 0.742679102788643 2.3185901998346026e-07 2.1284990758818623e-07
63000.00159151391 4.5130641573590503e-10 -2.5629212125469976 -3.778292153033824e-07 -2.468249682419099e-07
63200.00159656633 1.5730951694278508e-10 -2.0996818929156422 -7.937389673307038e-08 -1.3581630475822948e-07
63400.00160161876 2.3179653464952292e-10 1.4425801031086634 2.963871320593725e-08 2.2989384540483826e-07
63600.00160667118 7.539468269638081e-10 -2.3355562512406975 -5.220054843380062e-07 -5.440092758490778e-07
63800.00161172361 7.620540814492275e-10 1.3681126997247293 1.5340053055590275e-07 7.464547543412081e-07
64000.00161677603 4.187861421841485e-10 -2.4388228757626758 -3.195568245017988e-07 -2.7067557850646295e-07
64200.00162182846 5.073651735635844e-10 -0.4531262838319286 4.5616334071185705e-07 -2.2211354289147778e-07
64400.00162688088 2.8500054635743895e-10 -3.0530319946375966 -2.838836483665119e-07 -2.5206856490989082e-08
64600.00163193331 1.2793541389507166e-09 -1.778762553295096 -2.641487310550694e-07 -1.251787705935925e-06
64800.00163698573 8.98872143673512e-10 -0.0003295351323394772 8.988720948677198e-07 -2.9620994546064594e-10
65000.00164203816 6.089975126826339e-10 -2.528786144462851 -4.981825191263667e-07 -3.5027438971546587e-07
65200.00164709058 6.111927008951151e-10 3.1152774300359742 -6.109810903875967e-07 1.6081816323065823e-08
65400.00165214301 2.1383062044607694e-10 0.6384624437582074 1.717087746433421e-07 1.2743481059285244e-07
65600.00165719543 5.127255379768519e-10 -0.8742011439517153 3.289697351749332e-07 -3.9327648115872194e-07
65800.00166224786 5.727166937251185e-10 -2.127036366660459 -3.023925845835329e-07 -4.863775653340952e-07
66000.00166730028 4.4469198656936407e-10 0.9664501869243103 2.5268472758632754e-07 3.6592539043311945e-07
66200.00167235271 2.923399438387733e-10 2.504935010415863 -2.3506684027063685e-07 1.7379937677919344e-07
66400.00167740513 2.354234246099314e-10 0.6997550483154029 1.80098911950477e-07 1.5161982314104705e-07
66600.00168245756 2.650301536242757e-10 2.5789710356707314 -2.2417830869425615e-07 1.4136855464030873e-07
66800.00168750998 2.6731454570043665e-10 0.2669517912884509 2.578461230084983e-07 7.05155528413215e-08
67000.00169256241 8.22653787521846e-10 1.746087398817625 -1.434665070076946e-07 8.100472921324098e-07
67200.00169761483 6.836108882758275e-10 -2.0339732922042746 -3.054322790241315e-07 -6.1158398401151e-07
67400.00170266726 7.94019531024326e-10 -0.5452536942570085 6.78883319338297e-07 -4.1180633114645815e-07
67600.00170771968 1.029756644477312e-10 0.9617930891404431 5.8907247524331297e-08 8.446255772565081e-08
67800.00171277211 5.194929161279481e-10 -0.9582083195733068 2.987015664812631e-07 -4.2502972141811313e-07
68000.00171782453 8.958286109820395e-10 -1.1347450667930141 3.783653295119649e-07 -8.120028187619255e-07
68200.00172287696 5.104500169926986e-10 1.6149521953198442 -2.253204023361377e-08 5.099524752472107e-07
68400.00172792938 2.6916231063086665e-10 1.0361497342148742 1.3714815150223103e-07 2.3160037565528313e-07
68600.00173298181 3.2504520433891433e-10 2.7732486356887778 -3.0324276334425804e-07 1.1703935809403987e-07
68800.00173803423 3.3038815231379764e-10 2.0446734148017707 -1.5076918458145627e-07 2.939812649982443e-07
69000.00174308666 1.8240977139651779e-10 -1.9231972610345172 -6.295913190790259e-08 -1.712000946563208e-07
69200.00174813908 6.629386802289254e-10 0.9380004729306763 3.920629824127886e-07 5.345786299182365e-07
69400.00175319151 6.329125282996034e-10 -0.07160529878640094 6.312906493111115e-07 -4.528117236723972e-08
69600.00175824393 7.735621490539731e-10 1.773744098586067 -1.5591723434571492e-07 7.57686092311971e-07
69800.00176329636 8.288140405311068e-10 2.898013990290214 -8.04348361027607e-07 1.9989104005357916e-07
70000.00176834878 3.3671148656598e-10 -0.787525514548502 2.3758393397077526e-07 -2.385969394280707e-07
70200.0017734012 5.371881811698397e-10 -0.29442329310312904 5.14072788337927e-07 -1.5588556789847274e-07
70400.00177845363 2.3124603861812305e-10 2.3330692005511775 -1.5969091204937058e-07 1.6725293117136886e-07
70600.00178350606 9.31859838747934e-10 2.375468712927792 -6.715014906344408e-07 6.461025515713814e-07
70800.00178855848 8.949002687704153e-10 -0.9380079140841484 5.292400624412608e-07 -7.216311019853094e-07
71000.0017936109 1.96960939325748e-10 2.1944728590307343 -1.1502981267508261e-07 1.598804360014583e-07
71200.00179866333 5.065250005882599e-10 -0.33144282685213966 4.789567802365724e-07 -1.6482711817644713e-07
71400.00180371576 8.330004348327279e-10 -1.476731530827343 7.824051562188572e-08 -8.29317880035596e-07
71600.00180876818 3.3419190959768364e-10 0.7735910057083175 2.3908297097641196e-07 2.3350281674883178e-07
71800.0018138206 3.680956055112391e-10 1.242909721191213 1.1854259307497728e-07 3.4848533458919917e-07
72000.00181887303 9.080384558521276e-10 2.9856477776992443 -8.970196087032534e-07 1.4103070200555123e-07
72200.00182392546 1.5672304617835263e-09 -1.2638853471066882 4.7348447029804674e-07 -1.4939959092075128e-06
72400.00182897788 4.0831882931065384e-10 -0.4853824798541421 3.611566036232361e-07 -1.904998006008185e-07
72600.0018340303 6.972470808672731e-10 -1.7203928086495817 -1.0391710059121095e-07 -6.894597363027444e-07
72800.00183908273 5.276289371587473e-10 -0.18901147588414635 5.18232101565097e-07 -9.913518161930313e-08
73000.00184413516 6.892984941864425e-10 0.9089496955080949 4.2362536711859633e-07 5.437591032997346e-07
73200.00184918758 4.740023083364464e-10 1.4333017293986836 6.496760462937345e-08 4.695289114176049e-07
73400.00185424 6.278799608721847e-10 -1.8442142883475015 -1.695426611325601e-07 -6.045564748813348e-07
73600.00185929243 6.997334454814003e-10 0.23298340026130968 6.808279875425427e-07 1.6155539639406413e-07
73800.00186434486 1.0080687311575176e-09 -1.6569331903651747 -8.672454288038978e-08 -1.0043313299901158e-06
74000.00186939728 1.1254550471544357e-09 0.0942466915836284 1.1204603530545754e-06 1.0591345711574718e-07
74200.0018744497 4.4455637495156314e-10 1.7870911149055686 -9.540723344692026e-08 4.3419791606602587e-07
74400.00187950213 1.786669405158792e-10 -0.07209057853685838 1.7820287090408726e-07 -1.2869049492714169e-08
74600.00188455456 2.236105569467895e-10 -0.7495736587927773 1.6367832422758966e-07 -1.5235185379935956e-07
74800.00188960698 4.1510688553766875e-10 -0.831507223598441 2.796835635310302e-07 -3.0674228712612717e-07
75000.0018946594 1.0898338864863148e-10 -1.5707907799272096 6.045164369083977e-13 -1.0898338864695489e-07
75200.00189971183 6.437337996963944e-10 -1.3623790217117815 1.3319606440020948e-07 -6.298031544060834e-07
75400.00190476426 3.6791320755182787e-10 -2.1154238943408874 -1.906156773534562e-07 -3.1468363770326135e-07
75600.00190981668 5.531212043189557e-10 2.6317930527498077 -4.827875954571681e-07 2.6992444190909737e-07
75800.0019148691 4.965350511397861e-10 -1.565432042531931 2.6635423866494534e-09 -4.965279071234008e-07
76000.00191992153 6.804440788980389e-10 -1.302270290122973 1.8052901629150853e-07 -6.560590055659787e-07
76200.00192497396 6.010861132902024e-10 0.7091224844141716 4.5618443478279147e-07 3.914080697331457e-07
76400.00193002638 4.5780040823033556e-10 0.055964893558740486 4.570836640294118e-07 2.5607378884018317e-08
76600.0019350788 5.945303427057283e-10 -0.4898393460790282 5.246186012275444e-07 -2.7971709215535157e-07
76800.00194013123 8.204297265067583e-10 -0.1854570676066533 8.063610565933743e-07 -1.5128378150208732e-07
77000.00194518366 4.4323275807100046e-10 1.3881739923813403 8.049502342455384e-08 4.358621674693808e-07
77200.00195023608 9.588184023249093e-10 2.1561469229192145 -5.297391559855313e-07 7.991928148154415e-07
77400.0019552885 8.318580725173465e-10 -2.1813689039918884 -4.769347438093874e-07 -6.815578500463104e-07
77600.00196034093 6.40699383308029e-10 -0.7658804151690213 4.617984051824564e-07 -4.4411477428951684e-07
77800.00196539336 1.2736078427464644e-09 1.8975645428533043 -4.088076596131529e-07 1.206214423121743e-06
78000.00197044578 5.429196314308335e-10 -2.5356806006630555 -4.462707152708134e-07 -3.0919924787209396e-07
78200.0019754982 1.7678782451394678e-10 -2.841415483360136 -1.6888260079284123e-07 -5.227429622500779e-08
78400.00198055063 2.969287448853009e-10 -0.7945603313979606 2.0802785161144755e-07 -2.1187518139953454e-07
78600.00198560306 5.423483330292437e-10 1.756952121906732 -1.0037917630434379e-07 5.329781752605456e-07
78800.00199065548 6.270339223702379e-10 -2.8798200708701125 -6.056726095104992e-07 -1.6227208599062237e-07
79000.0019957079 4.787968246186847e-10 -2.078985749507281 -2.3298075191302559e-07 -4.182898140081548e-07
79200.00200076033 3.8977389404576023e-10 -1.1757758380891155 1.4999555719708013e-07 -3.5975689194334137e-07
79400.00200581276 3.657413196365216e-10 -2.8331124156391954 -3.4847689800443504e-07 -1.1104307473530639e-07
79600.00201086518 4.88014010410591e-10 -0.8237288790236362 3.3160069667914627e-07 -3.5804839382258535e-07
79800.0020159176 6.230902825930281e-10 -1.6376204974348414 -4.160650979301295e-08 -6.216996047969658e-07
80000.00202097005 1.5057561075560278e-10 -2.0292454411670824 -6.663842588849889e-08 -1.3502716300628492e-07
80200.00202602247 4.1895828199441627e-10 1.1316585279460598 1.7812398012129194e-07 3.792069220853733e-07
80400.0020310749 9.974251878193776e-10 -0.9755120998691511 5.593003031822974e-07 -8.258572371522277e-07
80600.00203612732 5.02371264175276e-10 1.8973208285381364 -1.6113714507159926e-07 4.7582739259866e-07
80800.00204117974 4.781911410118594e-10 -2.8457885815637374 -4.5742237075874215e-07 -1.393970662233457e-07
81000.00204623217 3.133658597774477e-10 0.7732128955535883 2.2426665713393135e-07 2.188666913260917e-07
81200.0020512846 3.041655829138149e-10 1.3616885922158208 6.314086764547255e-08 2.975398001314744e-07
81400.00205633702 6.609993828942391e-10 -2.8240255201464133 -6.279480300186435e-07 -2.0640120101944603e-07
81600.00206138944 6.656858999332479e-10 -0.583001717206494 5.55723823070231e-07 -3.664815818593681e-07
81800.00206644187 4.6183565810510353e-10 -0.9502168282692035 2.6856053148005543e-07 -3.757225253142593e-07
82000.0020714943 1.625031081219561e-10 -0.2734478235683891 1.5646539075486743e-07 -4.3884412326278266e-08
82200.00207654672 7.951040662099172e-10 -0.8289015848218326 5.372406127746032e-07 -5.861424742237276e-07
82400.00208159914 8.489810095399678e-10 0.9554458210054894 4.900698481469234e-07 6.932534157844117e-07
82600.00208665157 3.626853544640923e-10 1.952968965645558 -1.3525887698762062e-07 3.3651998831984997e-07
82800.002091704 6.986515405964257e-10 -0.9943804380497981 3.807807730238366e-07 -5.857644390649952e-07
83000.00209675642 2.346798138684741e-10 -2.1194776344966373 -1.224002038613392e-07 -2.0023187841111678e-07
83200.00210180884 5.736820706831247e-10 -1.2273752663758446 1.9316469368479972e-07 -5.401837829266398e-07
83400.00210686127 1.9045857737568383e-10 0.9173260679787025 1.157884108593521e-07 1.5122008334422787e-07
83600.0021119137 3.0694040062128766e-10 0.4883735649435508 2.710581880061014e-07 1.44013430791734e-07
83800.00211696612 6.930462363704002e-10 0.9380964251107915 4.098150132580969e-07 5.588960016456035e-07
84000.00212201854 4.5511243323345487e-10 -0.7828264548225168 3.2263963212209035e-07 -3.2098441499206487e-07
84200.00212707097 4.6059249191539367e-10 0.3044162464771187 4.394154105025194e-07 1.3805629511809414e-07
84400.0021321234 1.0180480769122853e-09 2.6847259927169875 -9.136361871497911e-07 4.490999938044915e-07
84600.00213717582 4.901453381779662e-10 -1.5853171228821652 -7.117050393468105e-09 -4.900936646512477e-07
84800.00214222824 1.119799907017866e-09 1.7641580945220459 -2.1517973303186722e-07 1.098931078025167e-06
85000.00214728067 6.546740643939181e-10 -2.088136725177947 -3.2378236802799165e-07 -5.690018530235541e-07
85200.0021523331 1.418901752415191e-10 -0.3840696416739856 1.315531121814928e-07 -5.31657832203436e-08
85400.00215738552 1.802103522003083e-10 -2.492291911615004 -1.4353876831574297e-07 -1.0896051133579832e-07
85600.00216243794 1.059600807303097e-09 0.22647176853704007 1.0325435727542853e-06 2.3792360370755716e-07
85800.00216749037 1.8174165532283915e-10 2.5201242412500466 -1.4776039669595065e-07 1.0581537907006222e-07
86000.0021725428 1.4320792842059966e-10 -2.240218502806047 -8.886524149875896e-08 -1.1230084423496933e-07
86200.00217759522 8.300037158237536e-10 -1.4615488330286122 9.049556382034751e-08 -8.250555867395093e-07
86400.00218264764 6.960779154275201e-10 -2.74938190028857 -6.432221421048823e-07 -2.6606341396728794e-07
86600.00218770007 1.6949906333670267e-10 3.041806013296567 -1.686558805946703e-07 1.6885686626721963e-08
86800.0021927525 1.1991493561586553e-09 -0.6567187890889241 9.49725979415561e-07 -7.321063736909217e-07
87000.00219780492 5.009734435978162e-10 0.7373400996069879 3.708503423238696e-07 3.368151047511425e-07
87200.00220285734 7.475636038501255e-10 1.101359061418315 3.3818618516701093e-07 6.666944172284417e-07
87400.00220790977 1.1336470022396986e-09 2.9363594313339343 -1.1098556984556751e-06 2.3103214991104792e-07
87600.0022129622 9.981653599956872e-11 -2.6196171382104323 -8.65245560754957e-08 -4.976788176014324e-08
87800.00221801462 1.5913344744224785e-10 -1.6179637197263372 -7.503127008590127e-09 -1.5895646315877698e-07
88000.00222306704 5.053511370928107e-10 2.1441049550793063 -2.7410984870801514e-07 4.2455101295635345e-07
88200.00222811947 1.5325257694856402e-10 -1.4995418686218278 1.091069123937416e-08 -1.5286369470235428e-07
88400.0022331719 7.031541230499324e-10 1.0049914115779495 3.7695773635881835e-07 5.935727299677396e-07
88600.00223822432 9.527119385748626e-10 2.8099272543132634 -9.007904439028991e-07 3.1022026703020344e-07
88800.00224327674 4.947395442331853e-10 0.22455720260277853 4.823180207447209e-07 1.1016598155944024e-07
89000.00224832917 7.525555979345464e-10 2.623762455843813 -6.538919976595281e-07 3.725119909203656e-07
89200.0022533816 8.061930431760627e-10 -1.3472581423790775 1.787178049994509e-07 -7.861343199744297e-07
89400.00225843402 5.406046751215461e-10 1.198009341837305 1.9689492969376943e-07 5.034737345921414e-07
89600.00226348644 3.485622206788257e-10 -2.3438734411792654 -2.4341530113769494e-07 -2.494887028636761e-07
89800.00226853887 2.124740037909839e-10 2.360335887580166 -1.5086272975306514e-07 1.4961831124038483e-07
90000.0022735913 7.302662087130966e-10 -0.3462901107729156 6.869164077549783e-07 -2.4786000957233156e-07
90200.00227864372 4.5828800296064786e-10 3.0916581740914126 -4.5771676204786615e-07 2.2874863891964026e-08
90400.00228369614 4.3126273723181477e-10 1.8397106755383186 -1.1458002335817952e-07 4.157631137702289e-07
90600.00228874857 5.071771759617743e-10 0.9508289404931614 2.9467430939789097e-07 4.127901878647755e-07
90800.002293801 3.805021116892975e-10 2.279902863767092 -2.4776621121436193e-07 2.8877978042185504e-07
91000.00229885342 1.0819290876173158e-09 2.0715726297183594 -5.194413649212137e-07 9.490791426647327e-07
91200.00230390584 7.213423684883531e-10 -3.1300179956549328 -7.212940489331743e-07 -8.349104740901225e-09
91400.00230895827 8.551148314825353e-10 -2.5363071480137425 -7.031948563440693e-07 -4.865576728740884e-07
91600.0023140107 8.132450854664042e-10 2.0281952888393597 -3.59141993921952e-07 7.296468990114491e-07
91800.00231906312 5.031245674751904e-10 -2.6526250284172 -4.4416755051734924e-07 -2.3632502504922215e-07
92000.00232411554 5.72414148587995e-10 1.203393591010099 2.0560699187655018e-07 5.342131806640449e-07
92200.00232916797 3.26510183413154e-10 -1.2511990368785972 1.0258436311527674e-07 -3.0997636735197176e-07
92400.0023342204 6.152627920706611e-10 -2.2033759523158123 -3.637601001527102e-07 -4.962125480512114e-07
92600.00233927282 3.7569283431979955e-10 2.9365463782999677 -3.678226567771503e-07 7.64957444610026e-08
92800.00234432524 3.274044181195687e-10 -0.69578084055134 2.51300383724562e-07 -2.0986131168965194e-07
93000.00234937767 6.379704958125305e-10 -0.7217327579272206 4.789002383542851e-07 -4.2149841664174126e-07
93200.0023544301 1.0329854573593256e-09 -1.0522079050305702 5.120040438288953e-07 -8.971682195768604e-07
93400.00235948252 8.645283954185807e-10 -0.7911716930769247 6.077742830123967e-07 -6.14833121581615e-07
93600.00236453494 2.3176603316067228e-10 1.8122966364266426 -5.5429087097991214e-08 2.2504024180247661e-07
93800.00236958737 5.522506586623948e-10 -2.819173270430844 -5.237940567948129e-07 -1.7498735971344104e-07
94000.0023746398 4.306574821585911e-10 0.8562548688195003 2.821974045552622e-07 3.253159876204226e-07
94200.00237969222 8.629689142906775e-10 -1.3345064745923931 2.020185989604073e-07 -8.389897691307713e-07
94400.00238474464 1.351241678432564e-09 1.1752426753165162 5.206592925688369e-07 1.2469033541517849e-06
94600.00238979707 2.895354767017901e-10 -1.2778239575852357 8.361761760777853e-08 -2.771982797467043e-07
94800.00239484949 5.687150850586137e-10 0.7865769460939245 4.01667975546971e-07 4.0261605208091744e-07
95000.00239990192 5.894822713347663e-10 1.1503995720034752 2.4058109227009794e-07 5.381543331239858e-07
95200.00240495434 3.871638070441022e-10 -0.9499104772850948 2.252348314524255e-07 -3.149048811712518e-07
95400.00241000677 9.257245895282351e-10 -2.366315867106766 -6.61177806282609e-07 -6.479274065329665e-07
95600.00241505919 9.85377437690498e-10 -0.4288522265407419 8.96145228024281e-07 -4.0974678156002753e-07
95800.00242011162 6.32988699269964e-10 1.6085510290532268 -2.3892622769139393e-08 6.325376162574781e-07
96000.00242516404 8.376224323074605e-10 -0.2796456044009252 8.050835793582678e-07 -2.3119638697943756e-07
96200.00243021647 4.173182002971268e-10 2.797624034536138 -3.9287326991654936e-07 1.4073050161322875e-07
96400.00243526889 7.470471873024396e-10 -0.7955770976310437 5.22837917404928e-07 -5.335916155452258e-07
96600.00244032132 2.1195044067084908e-10 -2.7661696971475367 -1.971886480767182e-07 -7.77150331032761e-08
96800.00244537374 2.2656413974588653e-10 -0.5978130978299335 1.8727077166769135e-07 -1.2751849864933718e-07
97000.00245042617 3.502576863173686e-10 0.6158514574046516 2.8590900802427655e-07 2.0232766977101857e-07
97200.00245547859 3.942389351972523e-10 -1.7553726948655486 -7.235471666255933e-08 -3.875424273575012e-07
97400.00246053102 6.16875087611329e-10 1.2540409416176908 1.9214734092720676e-07 5.861862102524151e-07
97600.00246558344 3.3985928523359593e-10 -0.19287480640882246 3.3355735784557083e-07 -6.514462976003887e-08
97800.00247063587 3.773995887437013e-10 -2.8316288624657355 -3.5941446607790084e-07 -1.15115990018122e-07
98000.00247568829 1.3899079763421067e-09 -0.9916091046472288 7.607576489876422e-07 -1.1632248201470796e-06
98200.00248074072 4.930985067624117e-10 1.011634226974182 2.615769709723992e-07 4.17999552186632e-07
98400.00248579314 2.5282884246972556e-10 -1.5224785645939813 1.221137113649462e-08 -2.525337719980203e-07
98600.00249084557 3.654535217626087e-10 0.6934691315855884 2.810458720192699e-07 2.3360114381060226e-07
98800.00249589799 1.7214053241891475e-10 -2.415081924055304 -1.2867448850872876e-07 -1.1434701092938315e-07
99000.00250095042 3.3423981816510366e-10 1.4244192317185567 4.875052728170459e-08 3.306654534976361e-07
99200.00250600284 3.791115395549921e-10 -1.697370714726056 -4.7857782958793393e-08 -3.7607870457395665e-07
99400.00251105527 3.266813944744098e-10 1.4436486189561808 4.142496323744638e-08 3.240442962258727e-07
99600.00251610769 1.7873711339159744e-10 -2.8802595280975822 -1.7266834473339543e-07 -4.618006529434615e-08
99800.00252116012 6.368418482616384e-10 -0.1521874576433798 6.294811174534232e-07 -9.65456496528419e-08
100000.00252621254 5.364418029796959e-10 -2.0976555021489562e-06 5.364418029785156e-07 -1.1252700996022402e-12
