# Frequency - Magnitude - Phase - Real part - Imaginary part
-99800.00252116012 8.840052836858013e-10 1.8381475530948468 -2.335344764237135e-07 8.526001348263534e-07
-99600.00251610769 4.733498749163743e-10 -0.05485013821540353 4.726380079533854e-07 -2.5950289424259143e-08
-99400.00251105527 1.1086500862653315e-09 -0.19514889861242884 1.0876065851261885e-06 -2.1498123119537138e-07
-99200.00250600284 5.5397424467068e-10 -1.8990777479503118 -1.7861054912859942e-07 -5.243908232401007e-07
-99000.00250095042 9.485691002102773e-10 -2.281642725110672 -6.18918016059844e-07 -7.18835048721389e-07
-98800.00249589799 5.342070065933604e-10 1.914200294417349 -1.7986443290318732e-07 5.030168105241151e-07
-98600.00249084557 5.714888773730218e-10 -2.49743963712543 -4.569674699750337e-07 -3.4319129992715913e-07
-98400.00248579314 3.6355736758498634e-10 1.4645484631012218 3.8554560100045876e-08 3.6150726883538153e-07
-98200.00248074072 1.0533053927622858e-09 1.1258889633335325 4.5331553288896487e-07 9.507666790878333e-07
-98000.00247568829 1.1622248329540096e-09 -1.3908318810188967 2.080319615460624e-07 -1.143454968641211e-06
-97800.00247063587 3.1309798511441113e-10 -2.800625911157588 -2.950735067397403e-07 -1.0469944557167654e-07
-97600.00246558344 1.9897807458715036e-10 -2.279687522621284 -1.2953323336173383e-07 -1.5104110573371798e-07
-97400.00246053102 1.658815347137719e-10 2.528322935787469 -1.3565302969809068e-07 9.547219015360042e-08
-97200.00245547859 4.333259467156787e-10 -1.9497810227519587 -1.603208077405327e-07 -4.02577464225784e-07
-97000.00245042617 4.227399733551848e-10 2.887595337012003 -4.091766705460742e-07 1.0622399612691957e-07
-96800.00244537374 5.190917274606344e-10 -0.7305270412404621 3.866313700306989e-07 -3.463703295986109e-07
-96600.00244032132 1.815431618847561e-10 -1.2787959948217247 5.226054999862839e-08 -1.7385843247008648e-07
-96400.00243526889 3.330325616705586e-10 -0.4694192410700739 2.9700881432059845e-07 -1.5065341466002913e-07
-96200.00243021647 1.0296010689349616e-09 2.4681137595030718 -8.047944529687712e-07 6.421715110643822e-07
-96000.00242516404 5.034262313300551e-10 2.020870010135379 -2.1900646030026394e-07 4.5329255535242474e-07
-95800.00242011162 5.077526413130552e-10 0.4518000442553996 4.5680610549769796e-07 2.2167752872226387e-07
-95600.00241505919 3.040182754422356e-10 2.028228509558296 -1.342683783045473e-07 2.727620105336115e-07
-95400.00241000677 1.2799401307578556e-09 -1.9729135507694326 -5.009270465095028e-07 -1.1778449950650138e-06
-95200.00240495434 4.867662132637711e-10 1.7084901783711544 -6.681312181289201e-08 4.821590537662512e-07
-95000.00239990192 4.823701177146414e-10 0.5736605554771592 4.0515230248505674e-07 2.6178720796687927e-07
-94800.00239484949 7.073158401261037e-10 2.2506990470057384 -4.4470176108202253e-07 5.500327639185176e-07
-94600.00238979707 3.0083590965071456e-10 -0.3068539878406763 2.8678343522159366e-07 -9.087081939695985e-08
-94400.00238474464 3.5494514259071035e-10 0.9175049402411024 2.1573684405584714e-07 2.8185753203624486e-07
-94200.00237969222 1.7201147674570977e-10 0.9331597476302382 1.0239810277479222e-07 1.3821207139885772e-07
-94000.0023746398 7.662484110806849e-10 -1.9386353378890222 -2.7554280612740456e-07 -7.149914611204178e-07
-93800.00236958737 1.8964360538048402e-10 -0.6375206008749008 1.523926661528563e-07 -1.1287680171112591e-07
-93600.00236453494 5.094384773284091e-11 3.0926326496306484 -5.0882801638785224e-08 2.493214634746721e-09
-93400.00235948252 3.9693065360814833e-10 1.3680495690209338 7.992618800134466e-08 3.8880039640587505e-07
-93200.0023544301 4.3425496311845756e-10 -0.6575787536217209 3.437016956597816e-07 -2.6541762826459703e-07
-93000.00234937767 3.280404562339445e-10 1.2930987352408596 8.992972444499259e-08 3.1547295539779974e-07
-92800.00234432524 8.409396990327295e-10 -1.6263727157285148 -4.671233611031056e-08 -8.396413133382463e-07
-92600.00233927282 5.115844893635917e-10 2.395518924253539 -3.7568694033485173e-07 3.472434486340159e-07
-92400.0023342204 1.1106416732739573e-09 0.5431595438431374 9.50798087817617e-07 5.740278064825244e-07
-92200.00232916797 9.122844168143102e-10 -3.0142800868737143 -9.049010214479125e-07 -1.1583176828811048e-07
-92000.00232411554 5.98535483514903e-10 -1.2608612978377072 1.825513842312887e-07 -5.700172954758997e-07
-91800.00231906312 6.143095512188519e-10 2.3657953576016566 -4.385328138400979e-07 4.3019204537531053e-07
-91600.0023140107 4.958184894215316e-10 -2.3189688847298773 -3.373055680322423e-07 -3.6340188253047856e-07
-91400.00230895827 6.25871515408615e-10 1.0247173733871706 3.250403826093873e-07 5.348494213075483e-07
-91200.00230390584 2.1427459877314884e-10 1.1490193745845094 8.772023318837086e-08 1.9549620039471804e-07
-91000.00229885342 1.1420552682703055e-09 -1.1754041466365206 4.398855877330021e-07 -1.053940655582064e-06
-90800.002293801 5.869371248461166e-10 2.5464082298598187 -4.860104182435876e-07 3.290730342664361e-07
-90600.00228874857 5.92927034441985e-10 -2.476198645726471 -4.6644004347839996e-07 -3.6605485109753033e-07
-90400.00228369614 2.3691074543189987e-10 1.6208328813327406 -1.1849251579931774e-08 2.3661423570464635e-07
-90200.00227864372 5.846325267209326e-10 1.2360636455739864 1.9206154810991194e-07 5.521843469691312e-07
-90000.0022735913 5.065417387339054e-10 -2.8567471615513003 -4.861306810433064e-07 -1.4234287487591146e-07
-89800.00226853887 4.14174562551217e-10 0.05234485902222631 4.136072762062071e-07 2.1670010008634222e-08
-89600.00226348644 7.78121068972957e-10 2.5895646394424308 -6.625411071992104e-07 4.0805842627111844e-07
-89400.00225843402 6.70588690295229e-10 0.8310807904652646 4.520289603737737e-07 4.953372694793678e-07
-89200.0022533816 6.165421278171015e-10 2.759778763214256 -5.721451136198041e-07 2.2972628133111073e-07
-89000.00224832917 7.215809873997148e-10 -0.038989792662298205 7.210325817519347e-07 -2.812716531908066e-08
-88800.00224327674 3.847344920544767e-10 1.8436779959678842 -1.0368886738110206e-07 3.704986479835526e-07
-88600.00223822432 2.6511314142683357e-10 -2.4819062306646367 -2.0948828238775974e-07 -1.6247965195503866e-07
-88400.0022331719 4.441558080026295e-10 0.703862230703532 3.386014569839446e-07 2.8744292496218904e-07
-88200.00222811947 8.196047112407306e-10 0.78106234271579 5.82055410203175e-07 5.770297931140256e-07
-88000.00222306704 3.811724624726636e-10 0.29059017195273856 3.6519178703287025e-07 1.0921265874985764e-07
-87800.00221801462 2.7590463107460486e-10 2.735966634330244 -2.535165025685515e-07 1.0887032825257492e-07
-87600.0022129622 3.3752208619630114e-10 -1.427425617067003 4.82251713007642e-08 -3.3405911381567677e-07
-87400.00220790977 4.268820021356238e-10 -0.38783595723920883 3.9517732108862447e-07 -1.6144078990310007e-07
-87200.00220285734 5.619433493186908e-10 -0.3834591049456323 5.211327920306985e-07 -2.10240198139644e-07
-87000.00219780492 8.593267150724215e-10 -2.497998534849009 -6.874134135248511e-07 -5.156599675593121e-07
-86800.0021927525 4.068502576776989e-10 0.12875644292415808 4.034824873100362e-07 5.223997134873315e-08
-86600.00218770007 5.491223992136776e-10 0.43392910497675263 4.98230179224457e-07 2.3087247091879703e-07
-86400.00218264764 8.763560633814375e-10 0.2629414086635537 8.462353722205052e-07 2.2778420627478368e-07
-86200.00217759522 6.45242235523907e-10 1.552228823607311 1.1979848890675271e-08 6.451310143873457e-07
-86000.0021725428 1.6334310670600814e-10 2.9767786794103808 -1.611296268633211e-07 2.6799512220510024e-08
-85800.00216749037 1.3057944805862523e-09 -1.0885040235311954 6.056421335554063e-07 -1.156847799665961e-06
-85600.00216243794 2.6547758548923576e-10 -2.8974500666268272 -2.5760483157721836e-07 -6.417241732448176e-08
-85400.00215738552 6.333111166861122e-10 -1.5944804012661107 -1.4997985409159753e-08 -6.331335016818151e-07
-85200.0021523331 2.656366474723698e-10 -2.1919565618109758 -1.5459496627290292e-07 -2.1601672361981628e-07
-85000.00214728067 7.970702288932627e-10 -1.290287231067794 2.2066481342175592e-07 -7.65916437939218e-07
-84800.00214222824 6.808539629622612e-10 1.2678975581908796 2.0309074433288998e-07 6.498586526682004e-07
-84600.00213717582 2.881885914007427e-10 2.5307075724061163 -2.3606699373068807e-07 1.6530286955918072e-07
-84400.0021321234 6.578229308823561e-10 -2.6226135078711628 -5.71204734289843e-07 -3.2627620188963036e-07
-84200.00212707097 1.3875576979002532e-10 -0.9107667586242001 8.507674187363534e-08 -1.0961346469384736e-07
-84000.00212201854 2.655306068188661e-10 -2.7949144951858993 -2.497332829420884e-07 -9.022078778508913e-08
-83800.00211696612 1.9195738561325486e-10 2.815275270377531 -1.8182765082475072e-07 6.153326975733009e-08
-83600.0021119137 6.513641965297986e-10 -1.9130129152392557 -2.1858217225112497e-07 -6.135936362894334e-07
-83400.00210686127 1.0567115920538822e-09 -0.7351004236519808 7.838299905804647e-07 -7.08695939488635e-07
-83200.00210180884 2.311665982999863e-10 -2.5231312009867715 -1.883479429087842e-07 -1.3402629805980837e-07
-83000.00209675642 6.2618141396578e-10 -3.1165581072449378 -6.259852013412726e-07 -1.5674530229325967e-08
-82800.002091704 5.329466998791934e-10 0.03729878044950359 5.325760253915846e-07 1.9873653167579164e-08
-82600.00208665157 4.697902856990396e-10 0.21724219875265233 4.5874813348056875e-07 1.0125740745881018e-07
-82400.00208159914 1.0622414941091323e-09 2.684620189882249 -9.532475052642653e-07 4.686962614686152e-07
-82200.00207654672 8.879265380933909e-10 1.7308675874575479 -1.4152532934463835e-07 8.765752210759814e-07
-82000.0020714943 8.574483947124807e-10 -2.8021320579417055 -8.085175985383941e-07 -2.8551189545922284e-07
-81800.00206644187 9.434198117508256e-10 -1.3968007057630147 1.633239050669033e-07 -9.291750336926086e-07
-81600.00206138944 5.354533619846455e-10 1.8286512620608475 -1.3654435171428503e-07 5.177508501930106e-07
-81400.00205633702 3.6239935964828896e-10 -0.4270619277398552 3.2985104869709403e-07 -1.5010523490843752e-07
-81200.0020512846 3.085296059638872e-10 1.7753448901633215 -6.267012409022499e-08 3.020976221401739e-07
-81000.00204623217 2.1489993493733737e-10 1.7018620626579513 -2.8085446968084682e-08 2.1305677577743154e-07
-80800.00204117974 1.0312963581392016e-09 2.7961229909265204 -9.70363770558258e-07 3.492367837143462e-07
-80600.00203612732 6.677773338124678e-10 -0.2922010050877652 6.394717034785558e-07 -1.923603597520085e-07
-80400.0020310749 1.690680709613198e-10 2.8496060057174755 -1.6191207863336388e-07 4.8667149199488335e-08
-80200.00202602247 8.857028445848742e-10 -2.0351499550323493 -3.9665756101925354e-07 -7.919168568681911e-07
-80000.00202097005 8.573309896774663e-10 1.070536287437546 4.112220056695648e-07 7.522718178387677e-07
-79800.0020159176 8.584036463827129e-11 -0.5407075341578432 7.359478149115972e-08 -4.41857028743442e-08
-79600.00201086518 1.1282677421561535e-09 -0.504511782441655 9.876975111122732e-07 -5.453821820822213e-07
-79400.00200581276 3.1812676406368586e-10 -0.6260260707095268 2.577979494322591e-07 -1.8639971910427988e-07
-79200.00200076033 1.348109741239266e-10 -1.9556074274614645 -5.0605890589139335e-08 -1.2495216117347496e-07
-79000.0019957079 9.54432038254913e-10 1.9729557523980314 -3.7357080384659014e-07 8.782854719058264e-07
-78800.00199065548 4.31613921893172e-10 -2.7278687474740795 -3.9519869132753627e-07 -1.7351821790523303e-07
-78600.00198560306 4.991007516602617e-10 1.3459497043180917 1.1127793042575718e-07 4.865375448082077e-07
-78400.00198055063 4.0025587898601856e-10 -1.445510737825662 5.0015209751563816e-08 -3.9711868182745746e-07
-78200.0019754982 5.205704520025084e-10 -3.045199142430928 -5.181538295095933e-07 -5.010194070731444e-08
-78000.00197044578 5.860594085429645e-10 -1.6665221948634836 -5.6015405092146864e-08 -5.833762977136558e-07
-77800.00196539336 1.158823934414322e-09 1.2779860584996794 3.344875928457114e-07 1.1095003205063847e-06
-77600.00196034093 5.923837101249176e-10 -2.738306348565583 -5.448604823987679e-07 -2.3247691227634704e-07
-77400.0019552885 4.8756859296303564e-11 2.403966880382793 -3.608336152094438e-08 3.279058324867634e-08
-77200.00195023608 6.685979432043763e-10 -0.6757814363425906 5.216524143758505e-07 -4.182128264806906e-07
-77000.00194518366 2.0119824140253405e-10 -1.6456313354623364 -1.504262248097632e-08 -2.0063512118362326e-07
-76800.00194013123 5.216884486781214e-10 -1.8046385536986036 -1.2088401901699797e-07 -5.074897944101764e-07
-76600.0019350788 7.303369891888097e-10 2.0182698191974744 -3.1600889971450385e-07 6.584303251511159e-07
-76400.00193002638 1.249337560240064e-09 -0.5081956939089141 1.091451161450152e-06 -6.07929849238964e-07
-76200.00192497396 7.326082114280722e-10 -2.3650984582278665 -5.226241809319632e-07 -5.133992179162661e-07
-76000.00191992153 4.274671145280179e-10 -3.091549586397568 -4.2693197144227923e-07 -2.1382838055750142e-08
-75800.0019148691 6.108156257066115e-10 1.3864439543009779 1.1196856253281595e-07 6.004654607982829e-07
-75600.00190981668 6.589838161042805e-10 -3.0100087880535513 -6.532871165143561e-07 -8.646162896752685e-08
-75400.00190476426 3.736012962181269e-10 0.536338432976468 3.2114224612911357e-07 1.9090727143566966e-07
-75200.00189971183 8.861216269875038e-10 0.6678705542988456 6.95731522393217e-07 5.487888360411475e-07
-75000.0018946594 1.320928068595248e-09 -2.78639941723421 -1.238474819476032e-06 -4.5938119674904243e-07
-74800.00188960698 6.986758917174732e-10 -2.574629880539245 -5.893583190363927e-07 -3.7523962137520073e-07
-74600.00188455456 7.752879545584216e-10 0.31760429996978246 7.365129357506106e-07 2.421158977750082e-07
-74400.00187950213 3.12284910673445e-10 1.659915153343018 -2.7793640389184304e-08 3.110456220367652e-07
-74200.0018744497 2.0418030442959298e-10 -0.15808760954631398 2.0163420799690357e-07 -3.214409560747811e-08
-74000.00186939728 1.1159678090605304e-09 2.9393626950143266 -1.0932256316875666e-06 2.2414698097605879e-07
-73800.00186434486 2.678125387947944e-10 -3.1178464331332765 -2.6773703487581457e-07 -6.358937931771891e-09
-73600.00185929243 4.789723152730798e-10 1.5838616456579189 -6.2577479864600605e-09 4.789314349551432e-07
-73400.00185424 1.5778318311554628e-10 1.7774647760389437 -3.2377170611219697e-08 1.54425553899884e-07
-73200.00184918758 4.506616845244343e-10 -1.611922713226536 -1.8528862333333507e-08 -4.5028061823604304e-07
-73000.00184413516 4.823239313737635e-10 -0.6695257459365859 3.781979517336609e-07 -2.993370743498147e-07
-72800.00183908273 7.605561498335894e-10 2.0516452963722513 -3.517815880815789e-07 6.743110345652781e-07
-72600.0018340303 3.022168409443732e-10 1.5958774935737983 -7.579156302561785e-09 3.021217889198624e-07
-72400.00182897788 6.318091148042838e-10 1.4354661038787193 8.524212014027199e-08 6.260323781592803e-07
-72200.00182392546 2.704209319511097e-10 2.9119813195942506 -2.633237152771528e-07 6.154755405329837e-08
-72000.00181887303 8.890148448589771e-10 0.39190229671061266 8.216134337324377e-07 3.395567108599451e-07
-71800.0018138206 5.230318209533539e-10 2.419954374440823 -3.92652783731684e-07 3.4552290395506446e-07
-71600.00180876818 8.490764841830028e-10 -0.8488530315181578 5.611074452849252e-07 -6.37251371782277e-07
-71400.00180371576 1.5306408797804572e-10 0.12507012476268206 1.5186849244841483e-07 1.9093874148445877e-08
-71200.00179866333 4.3288693162217435e-10 0.8613138474681791 2.8200038904024893e-07 3.284309305628952e-07
-71000.0017936109 1.329517696895435e-10 -2.2855420580929877 -8.713996668685553e-08 -1.0041314291164838e-07
-70800.00178855848 2.7095270811191006e-10 1.8228060797341659 -6.756225634507729e-08 2.623941911528149e-07
-70600.00178350606 8.576626663548498e-10 2.131310238247939 -4.5595194908543135e-07 7.264248546023921e-07
-70400.00177845363 3.917522014863603e-10 0.15286922127763228 3.8718368033929806e-07 5.965387706030612e-08
-70200.0017734012 6.932127643553717e-10 1.2232452376810379 2.3610573141041868e-07 6.517653107218635e-07
-70000.00176834878 4.111806917022459e-10 -1.886630445115223 -1.2771660440336063e-07 -3.9084271796774317e-07
-69800.00176329636 4.647347513442168e-10 0.04802719463196501 4.6419887311799357e-07 2.2311326786095265e-08
-69600.00175824393 3.7847544511470834e-10 -0.4491806959477732 3.4093188039374667e-07 -1.6434450245128573e-07
-69400.00175319151 2.7592271610694893e-10 -0.3408271348225987 2.6005122877315046e-07 -9.223179320283492e-08
-69200.00174813908 1.6456751117471166e-10 -0.12758831376474697 1.632298483045247e-07 -2.0939970313271772e-08
-69000.00174308666 4.781397918801423e-10 -0.6706242678694758 3.745908987440316e-07 -2.9715201355084986e-07
-68800.00173803423 6.614255728575069e-10 -0.9133870133859623 4.041761173523284e-07 -5.235699137573491e-07
-68600.00173298181 5.505135905901309e-10 2.3701436206022186 -3.946638500451627e-07 3.838041934267622e-07
-68400.00172792938 1.0253641327160383e-09 0.5793962657525614 8.580178960659879e-07 5.614061762138078e-07
-68200.00172287696 5.506358931680324e-10 -2.3639644214948285 -3.923718783216401e-07 -3.8632136356575586e-07
-68000.00171782453 9.553983378470566e-10 -0.9767223805402444 5.34776198324316e-07 -7.917072701868477e-07
-67800.00171277211 1.0975763802346176e-10 1.397266940644149 1.895073153956872e-08 1.0810924511162057e-07
-67600.00170771968 2.4956990538712506e-10 -0.06641892857282783 2.4901962214496365e-07 -1.656398085359001e-08
-67400.00170266726 3.2203575038716297e-10 -0.36995124288230347 3.0024841390918766e-07 -1.1643845787556728e-07
-67200.00169761483 1.3952915578495508e-09 3.1136903100862345 -1.3947484474030603e-06 3.8926852852227967e-08
-67000.00169256241 8.415756764928835e-10 -0.8096134700852998 5.805006731973705e-07 -6.093181333932662e-07
-66800.00168750998 9.45688591801079e-10 1.3915723238376716 1.6858417906107093e-07 9.305408573689888e-07
-66600.00168245756 6.462949334390746e-10 -1.9029439549681737 -2.1073999140197586e-07 -6.109711916391092e-07
-66400.00167740513 2.0018108013893186e-10 -2.2325301356160616 -1.23008396191171e-07 -1.579284626407329e-07
-66200.00167235271 6.880188613158158e-10 -0.3943595758425437 6.352084706562344e-07 -2.643485432773929e-07
-66000.00166730028 4.380594660453829e-10 2.736917098481248 -4.026774845233838e-07 1.7247301020706374e-07
-65800.00166224786 4.627880881579761e-10 0.6052748752700102 3.8057180723471973e-07 2.633209336133646e-07
-65600.00165719543 4.0468348035812235e-10 -0.9517525329581149 2.348202844393299e-07 -3.2958785367576127e-07
-65400.00165214301 1.0907465738548544e-09 0.18595422952903307 1.0719424038962977e-06 2.016620219702503e-07
-65200.00164709058 5.015436333077121e-10 -2.8559515604943573 -4.812216908289813e-07 -1.4132126657795396e-07
-65000.00164203816 1.1013230286877281e-09 -1.903409686561211 -3.595976825754299e-07 -1.0409620166962341e-06
-64800.00163698573 5.202359247711915e-10 -2.918101124662264 -5.072974218478521e-07 -1.1530283261507179e-07
-64600.00163193331 6.013670421496821e-10 -1.0098243240801772 3.199329680625418e-07 -5.092005649354192e-07
-64400.00162688088 8.608089993943387e-10 0.8562654051592239 5.64056413632219e-07 6.502557156062849e-07
-64200.00162182846 8.554768205703928e-10 -2.2046019585042287 -5.06626666729737e-07 -6.893257655793406e-07
-64000.00161677603 2.4757326301652023e-10 1.7931665772931156 -5.460033458692948e-08 2.414773778713908e-07
-63800.00161172361 7.179785459481501e-10 -2.6640941685131274 -6.376707026300998e-07 -3.2995343224317963e-07
-63600.00160667118 2.6330525534154727e-10 -0.3013249687572612 2.514417989374351e-07 -7.814524449756277e-08
-63400.00160161876 7.419455818669794e-10 -1.4702411598012808 7.448079686334097e-08 -7.381977088494196e-07
-63200.00159656633 2.862313558001842e-10 -2.720436223331636 -2.612195392215355e-07 -1.170159876773269e-07
-63000.00159151391 2.9869127851719194e-10 0.5399526216117725 2.561973781456395e-07 1.535557986320768e-07
-62800.00158646148 1.6329414106503138e-10 -1.0065039409473338 8.733265233207277e-08 -1.3797820241912007e-07
-62600.00158140905 8.73522955083903e-10 -1.5793008773794641 -7.428830606226455e-09 -8.734913654606657e-07
-62400.001576356626 3.0652353573553083e-10 -3.042704783850935 -3.05026038815992e-07 -3.026208195144875e-08
-62200.0015713042 6.510770796892655e-10 2.3097479285498803 -4.3850909337006527e-07 4.812599492254321e-07
-62000.001566251776 1.29943132111648e-09 2.555321261042326 -1.082438440269673e-06 7.18921957743035e-07
-61800.00156119935 2.336353276902609e-10 1.8313828612967993 -6.019551807012746e-08 2.2574757130300327e-07
-61600.001556146926 4.06978175328517e-10 -0.950181067006492 2.3667237764035676e-07 -3.3108521690916604e-07
-61400.0015510945 1.0016453361818642e-09 -2.1934414062314236 -5.841454354671427e-07 -8.136752974730044e-07
-61200.00154604208 9.159595367313521e-10 2.458570042639303 -7.104810267333228e-07 5.780991122472656e-07
-61000.00154098965 5.681679694493165e-10 -2.8043258367125454 -5.361588771291004e-07 -1.8801196766116135e-07
-60800.00153593723 2.3447113294555473e-10 1.5026068620190896 1.5976073408641156e-08 2.3392622183759926e-07
-60600.0015308848 6.887921998181425e-10 -0.6326176357702754 5.554989072065197e-07 -4.0725380123785015e-07
-60400.00152583238 5.635147668240455e-10 0.4919062802990867 4.967011376089125e-07 2.661519722391148e-07
-60200.00152077995 6.62793139065424e-10 -2.199667821087457 -3.898764779908248e-07 -5.359954077244211e-07
-60000.00151572753 1.2289128086205131e-09 2.302867417059413 -8.214194870959091e-07 9.140550953912197e-07
-59800.0015106751 7.099632708193651e-10 2.5885586015782516 -6.041324114858249e-07 3.7292341747985347e-07
-59600.00150562268 2.9350755714623923e-10 2.824191138228036 -2.788467398651129e-07 9.160339387026539e-08
-59400.00150057025 1.0706390547259265e-09 0.12044597199001651 1.0628824341218923e-06 1.286425930224766e-07
-59200.00149551783 7.874882719488249e-10 1.7201277789017289 -1.1716018855079113e-07 7.787241287360303e-07
-59000.0014904654 2.1423732822908062e-10 -1.768784931842309 -4.213997456536944e-08 -2.1005203010293627e-07
-58800.00148541298 9.096316841625472e-10 1.3588021602022242 1.913954577048571e-07 8.892680021244104e-07
-58600.00148036055 3.8617115878714903e-10 2.080111617771994 -1.8828916231727888e-07 3.371577601551934e-07
-58400.00147530813 7.14435546893244e-10 1.4665098961470182 7.437095633777702e-08 7.105540876795047e-07
-58200.0014702557 2.736682861137016e-10 1.5476878502632831 6.323494339266489e-09 2.735952197019387e-07
-58000.00146520328 5.73251982876867e-10 -1.0895765001591933 2.6533587813015735e-07 -5.081483126501141e-07
-57800.00146015085 5.903854050369001e-10 1.3956642745545074 1.0286767340716985e-07 5.813545976840473e-07
-57600.00145509843 3.7852133070497464e-10 -2.7512084633478593 -3.500424936853097e-07 -1.4404391834865748e-07
-57400.001450046 1.0163364810686099e-09 -0.5691024803735459 8.561465724143957e-07 -5.476795498227105e-07
-57200.00144499358 6.564650376223033e-10 -0.9364540783822068 3.890525924199473e-07 -5.287574358359137e-07
-57000.00143994115 9.29934104015356e-10 -0.3632416069076743 8.692558794431982e-07 -3.304113403990172e-07
-56800.00143488873 4.680432122406578e-10 3.043398094317393 -4.6578854831502703e-07 4.588547464212667e-08
-56600.0014298363 2.9627219098963727e-10 -0.017923302343219837 2.9622460431810715e-07 -5.309891748517259e-09
-56400.00142478388 4.896115522642335e-10 -2.5750875056259264 -4.131252992478629e-07 -2.627678808986289e-07
-56200.00141973145 2.6809500584185026e-10 1.1841481244358165 1.0109492090681904e-07 2.483037436773472e-07
-56000.00141467903 1.39143711810786e-10 2.141826320784608 -7.520702530183776e-08 1.170678259887481e-07
-55800.0014096266 3.262663555920444e-10 -2.184557706484343 -1.8791193548417517e-07 -2.6671865194227706e-07
-55600.00140457418 8.671695349602233e-10 -0.4553695147405115 7.788037271472259e-07 -3.813761357829293e-07
-55400.00139952175 5.891053781476002e-10 2.456914500122496 -4.5633435771796904e-07 3.725642233609605e-07
-55200.00139446933 6.761995041402165e-10 -2.4209165192644875 -5.080690732850446e-07 -4.462192131349241e-07
-55000.0013894169 3.1551891731195806e-10 0.08575504297301252 3.14359476505377e-07 2.7024187554403056e-08
-54800.00138436448 6.010640238664892e-10 0.06025895464463117 5.999730797456859e-07 3.6197574049268155e-08
-54600.00137931205 7.134628741082474e-10 2.7707598047514503 -6.649658426116645e-07 2.585530910481637e-07
-54400.00137425963 6.950065354437691e-10 2.064129810794976 -3.2913042966042916e-07 6.121333552266961e-07
-54200.0013692072 6.927098169987766e-10 2.9177030212211696 -6.754206362813431e-07 1.5379809703564007e-07
-54000.00136415478 5.353014075767401e-10 -0.3286267143715317 5.066555315846877e-07 -1.7276506958374682e-07
-53800.00135910235 3.919032147562371e-10 -3.1114810158362074 -3.9172555675592857e-07 -1.1799064392192804e-08
-53600.00135404993 5.963172865290935e-10 -1.3954862142844233 1.040057881762646e-07 -5.871772323917668e-07
-53400.0013489975 3.243676968781822e-10 -1.3275238480449767 7.813370082876414e-08 -3.1481665707655537e-07
-53200.00134394508 5.032565796552556e-10 -2.611680097424166 -4.3423558039601406e-07 -2.5437500994485163e-07
-53000.00133889265 6.24335125088137e-10 1.6575312235196635 -5.408377151683297e-08 6.219881784064185e-07
-52800.00133384023 2.2884981080676768e-10 2.570880866772987 -1.925809281905222e-07 1.2363180013075237e-07
-52600.0013287878 6.429691104804557e-10 2.4839494836063913 -5.088682890064256e-07 3.9301697352112086e-07
-52400.00132373538 6.079814984922963e-10 0.224398197462703 5.927383058407232e-07 1.3528785347549643e-07
-52200.00131868295 5.592776356795542e-10 0.13831961113438634 5.539360223849599e-07 7.711262461906898e-08
-52000.00131363053 1.6465859244137266e-10 -2.914649823629773 -1.604365501700622e-07 -3.704815021432495e-08
-51800.0013085781 3.334281962597614e-10 1.1718830287006445 1.2950924433569044e-07 3.0724862520870033e-07
-51600.00130352568 1.1566526288620113e-09 1.1440611030135204 4.787396985644898e-07 1.0529262105540838e-06
-51400.00129847325 6.346216789947334e-10 -0.6608677331971913 5.010083750436878e-07 -3.8953213421510924e-07
-51200.00129342082 3.487108836300482e-10 1.0686839183749182 1.6782697441486416e-07 3.056687537528191e-07
-51000.001288368396 4.586097971747283e-10 2.9843378489843535 -4.529509753520289e-07 7.182172367947715e-08
-50800.00128331597 7.96240450098295e-10 1.026795468903554 4.1210494498497563e-07 6.812990303028954e-07
-50600.001278263546 2.824265860780709e-10 -1.974905792225285 -1.1105016521628652e-07 -2.596779492547441e-07
-50400.00127321112 3.099184757899745e-10 0.7712039668125279 2.222338692584036e-07 2.1601289079686836e-07
-50200.001268158696 2.741145483945307e-10 -2.2873145058184043 -1.8002830066369407e-07 -2.0670896594410237e-07
-50000.00126310627 5.092658375504843e-10 -2.7828280925278417 -4.768415552479571e-07 -1.7881226044291765e-07
-49800.001258053846 4.0221145525833623e-10 -1.1626005347592925 1.596594473860305e-07 -3.6916516032992064e-07
-49600.00125300142 1.04949362798241e-09 -0.7075153701138771 7.975932219718429e-07 -6.821157727543437e-07
-49400.001247948996 9.019809792868171e-10 0.45245746048889984 8.112195706636016e-07 3.943253671367941e-07
-49200.00124289657 8.629130576755545e-10 -1.1994517127469229 3.13124161141487e-07 -8.040971364309257e-07
-49000.001237844146 2.8614709758663506e-10 -2.5711072844348726 -2.408325442612713e-07 -1.5453105539631196e-07
-48800.00123279172 1.1884030677536592e-10 -0.31475812450432555 1.130018355832707e-07 -3.6791353186238496e-08
-48600.001227739296 6.851044274327381e-10 -0.7078338296672968 5.205232149127492e-07 -4.4544770649856957e-07
-48400.00122268687 7.153002306926991e-10 -1.385941534650564 1.3147490163234465e-07 -7.031136254331827e-07
-48200.001217634446 9.795528897907163e-10 1.8546023370625095 -2.742860005303105e-07 9.40367509971729e-07
-48000.00121258202 4.369083355157206e-10 2.9202747971059138 -4.2625170720844707e-07 9.590816307802896e-08
-47800.001207529596 4.723361382597252e-10 2.789333407165284 -4.433326331321208e-07 1.6296503890789182e-07
-47600.00120247717 4.49017055282792e-10 0.35182395768842906 4.2151283864699796e-07 1.5473604231264204e-07
-47400.001197424746 1.6489213382841825e-10 -2.32635758436048 -1.1306609237760057e-07 -1.200228084696775e-07
-47200.00119237232 2.1156369881806456e-10 2.3127094909287758 -1.4295348303716704e-07 1.5595993185790746e-07
-47000.0011873199 3.9993330728079407e-10 3.1365243978474098 -3.9992817070511055e-07 2.0269556033625236e-09
-46800.00118226747 9.13386013750886e-10 0.06844453240196356 9.112474001066184e-07 6.246747885629844e-08
-46600.00117721505 1.12296767807671e-09 -2.023220600107211 -4.909021578403117e-07 -1.0099858798184869e-06
-46400.00117216262 7.775974386370416e-10 -0.9393780243413778 4.590081416622205e-07 -6.276697399609787e-07
-46200.0011671102 9.75650224526792e-10 2.9156349654513876 -9.508491897319837e-07 2.1858448939759967e-07
-46000.00116205777 6.20901235190188e-10 -0.5587304090611264 5.264800499449329e-07 -3.291460175525174e-07
-45800.00115700535 5.470569064392402e-10 0.7894689282338241 3.8524976311848924e-07 3.8839912319676984e-07
-45600.00115195292 2.3136124555755453e-10 1.661633496752002 -2.0987310556108696e-08 2.3040737562318725e-07
-45400.0011469005 1.5127213263122237e-09 -2.060088736046693 -7.109812014405303e-07 -1.3352271500677304e-06
-45200.00114184807 2.692243647120557e-10 -1.1297114868471938 1.1493746096546964e-07 -2.434566462872212e-07
-45000.00113679565 2.2393590030827899e-10 1.9334156793182389 -7.943554258815766e-08 2.0937354661132446e-07
-44800.00113174322 4.0847307898955003e-10 1.4626913684093534 4.40720054339927e-08 4.0608855511603537e-07
-44600.0011266908 3.2691444363194425e-10 1.0897625713782344 1.512619610954946e-07 2.898152386965336e-07
-44400.00112163837 6.172067766434861e-10 -2.9483465130939264 -6.057180895746583e-07 -1.1853185688526224e-07
-44200.00111658595 4.66402343955872e-10 2.9724686370581725 -4.5974799034453895e-07 7.85043426931864e-08
-44000.00111153352 6.260811693006256e-10 -2.110885630603519 -3.219388172714943e-07 -5.369665059262729e-07
-43800.0011064811 3.79704516158886e-10 -0.2394711745150339 3.68869094269364e-07 -9.006170598180319e-08
-43600.00110142867 6.887291094757461e-10 1.9978252278051913 -2.852497914540564e-07 6.268814423115998e-07
-43400.00109637625 8.114145827954373e-10 0.9915330180539145 4.4417448780142976e-07 6.790453958016585e-07
-43200.00109132382 4.536191146844517e-10 -2.909041278330939 -4.414084004700225e-07 -1.0454149990124506e-07
-43000.0010862714 5.435452852732966e-10 -1.0513412777121756 2.698197633654864e-07 -4.718461321662204e-07
-42800.00108121897 4.061668226434154e-10 -1.3526693904059286 8.789503791462039e-08 -3.965424947294238e-07
-42600.00107616655 1.8551907551136082e-10 -0.8636591814899915 1.2052432685205616e-07 -1.4103621526206922e-07
-42400.00107111412 1.13525244575089e-09 1.741167363086834 -1.9247981020154015e-07 1.118816177148041e-06
-42200.0010660617 9.392387896402368e-10 -2.960187467403066 -9.238269627898088e-07 -1.694498356075158e-07
-42000.00106100927 7.313088496955717e-11 -2.6019188935552533 -6.273725794425644e-08 -3.757875466359195e-08
-41800.00105595685 5.123140177565838e-10 -1.9732079451421438 -2.0064187056245686e-07 -4.71389958067725e-07
-41600.00105090442 3.986576188292114e-10 -2.046526668772722 -1.8258033096518744e-07 -3.543900672919875e-07
-41400.001045852 9.165637703642698e-10 0.9470057109560513 5.353796360130225e-07 7.439474379866695e-07
-41200.00104079957 4.5581919267021506e-10 2.208771111287063 -2.714721458740854e-07 3.6616118093135697e-07
-41000.00103574715 9.690981110141507e-10 -1.4389486884122444 1.2740342136829952e-07 -9.606870026157566e-07
-40800.00103069472 6.99059399779487e-10 2.2093784669177103 -4.166796555571395e-07 5.613039364416039e-07
-40600.0010256423 3.7206239387077126e-10 0.6054539691857758 3.0592600119838664e-07 2.1175388242866688e-07
-40400.00102058987 7.331637244232392e-10 0.2928365781055626 7.019521350293267e-07 2.1164178920507482e-07
-40200.00101553745 1.7361064469521446e-10 1.2568592894451256 5.361194543862524e-08 1.651254530887769e-07
-40000.00101048502 7.796864328228162e-10 1.9962735381556584 -3.218198578180953e-07 7.101710446377751e-07
-39800.00100543259 2.855186057223126e-10 -2.470558654044902 -2.2361221829747535e-07 -1.775343629883963e-07
-39600.001000380165 5.770844792483478e-10 0.1637205665101581 5.693675312334889e-07 9.405908019122222e-08
-39400.00099532774 1.5291634994565806e-10 -1.3960951702312205 2.657897962832223e-08 -1.505887377017956e-07
-39200.000990275315 1.199279868740532e-09 0.04567951059289149 1.198028866999934e-06 5.476346776056573e-08
-39000.00098522289 9.975722878855396e-10 2.291451909832212 -6.582754089601295e-07 7.49549168177488e-07
-38800.000980170465 1.171865227097014e-09 -2.8032950178976455 -1.1054450962943996e-06 -3.8892062115269965e-07
-38600.00097511804 1.3020166727497984e-09 -1.774869653463986 -2.6386644230713685e-07 -1.2749987908788896e-06
-38400.000970065616 8.395430192410981e-10 0.08199384788956748 8.367224798577766e-07 6.876025637758687e-08
-38200.00096501319 5.456883053596357e-10 1.4764371745938634 5.141431069777269e-08 5.432607985689231e-07
-38000.000959960766 9.283939303210339e-10 0.4685095941432998 8.283523190710795e-07 4.1922276339256825e-07
-37800.00095490834 7.270497671513385e-10 -2.4321160691497625 -5.516148046114111e-07 -4.736269325622544e-07
-37600.000949855916 1.1699336451557074e-09 -1.436715911555028 1.5639560241309525e-07 -1.159433115627273e-06
-37400.00094480349 3.377000197889472e-10 -3.13587087711872 -3.3769449186982214e-07 -1.932233484325252e-09
-37200.000939751066 2.4205135715463287e-10 1.5618940939307857 2.1547690853829238e-09 2.420417659632079e-07
-37000.00093469864 4.0400616603656914e-10 -2.8246709020111083 -3.838863492089395e-07 -1.259057309521694e-07
-36800.000929646216 4.3332098382465044e-10 0.4765908278853103 3.850334482913276e-07 1.9878711909893099e-07
-36600.00092459379 9.62909050768965e-10 3.13827923252448 -9.629037650005223e-07 3.1905172948043514e-09
-36400.000919541366 4.056514496911186e-10 1.0334928882227354 2.0762103652982589e-07 3.484918992269215e-07
-36200.00091448894 1.5165599059475087e-10 2.548334120472412 -1.25741522971623e-07 8.478566437819524e-08
-36000.000909436516 3.326051178562061e-10 0.6840880747430494 2.5776752798911673e-07 2.1019530427324185e-07
-35800.00090438409 5.6451638101429e-10 1.6748016395818346 -5.8606909769665094e-08 5.614659157604507e-07
-35600.000899331666 3.6887273196990064e-10 1.6315691962307057 -2.24036577067821e-08 3.6819175508462365e-07
-35400.00089427924 5.643234588710001e-10 -1.2034532128184008 2.026694741474877e-07 -5.266745204401957e-07
-35200.000889226816 9.123678008843793e-11 1.4755950827609956 8.672740525739187e-09 9.082364016421707e-08
-35000.00088417439 5.728716413721677e-11 -1.4329625941076125 7.87112552913527e-09 -5.674385039622365e-08
-34800.000879121966 6.182680175107618e-10 -0.41301348549627914 5.662812337936529e-07 -2.481550034350022e-07
-34600.00087406954 7.034544751700626e-10 1.2755605848615945 2.0468091305181346e-07 6.73018515695567e-07
-34400.000869017116 4.752088085929741e-10 -1.957577851176025 -1.7925335021873323e-07 -4.4010413335904275e-07
-34200.00086396469 2.321522183239697e-10 1.9562914750448472 -8.729341127722279e-08 2.1511511527627647e-07
-34000.000858912266 6.232562445257465e-10 -2.726807167534763 -5.704058534394818e-07 -2.5116828761273524e-07
-33800.00085385984 4.920627455362451e-10 2.577726897083538 -4.1588914390100484e-07 2.6298662614276935e-07
-33600.000848807416 7.913741571296483e-11 0.3688661647892939 7.381437661102552e-08 2.8533635787475475e-08
-33400.00084375499 5.145351333673842e-10 1.5549668960776926 8.144458107928187e-09 5.144706709536706e-07
-33200.00083870257 5.150653474271989e-10 -1.6357608004710316 -3.343741783456977e-08 -5.139788431529624e-07
-33000.00083365014 9.540201241918872e-10 -1.1389489116013127 3.993044811467783e-07 -8.664354151921572e-07
-32800.00082859772 9.083128486704233e-10 1.0412970476947543 4.587899573582632e-07 7.839285720567801e-07
-32600.00082354529 9.582314520026168e-10 -1.0722174435445586 4.582051107426821e-07 -8.415792250859866e-07
-32400.000818492867 7.160927835299015e-10 0.40162311551794133 6.591116409326858e-07 2.7992984730218495e-07
-32200.00081344044 4.396271466077792e-10 1.4378804479763525 5.826152682519847e-08 4.3574949515345907e-07
-32000.000808388017 3.6087503825377507e-10 2.957476735061039 -3.547757052579925e-07 6.606808755638127e-08
-31800.00080333559 4.969004479092028e-10 0.6228664756200257 4.0358731012712923e-07 2.898746940260821e-07
-31600.000798283167 4.378056080575967e-10 -3.1362366023610098 -4.377993283455339e-07 -2.3448980535079045e-09
-31400.00079323074 8.916859889761831e-10 -1.3841540782368342 1.6546170722442355e-07 -8.761999351625249e-07
-31200.000788178313 4.006064764963412e-10 1.3106441810312377 1.0304703490504608e-07 3.871264103727512e-07
-31000.000783125888 6.235988751990029e-10 1.4629237630455676 6.713882239051117e-08 6.199741411361259e-07
-30800.000778073463 1.3480801102165141e-09 -1.3952124149911511 2.3548681449270248e-07 -1.3273529838597753e-06
-30600.00077302104 7.654994001583392e-10 2.5295708340119725 -6.265521562687226e-07 4.3979737052168844e-07
-30400.000767968613 1.3647152250991123e-09 -2.5538509670047382 -1.135709182253919e-06 -7.567115031248406e-07
-30200.00076291619 9.341891575357076e-10 3.083009902357918 -9.325865759635121e-07 5.469607289310119e-08
-30000.000757863763 6.696046641864611e-10 -1.2156203397976821 2.3285862005284486e-07 -6.278114919044953e-07
-29800.00075281134 3.31750180884874e-10 1.383536854582662 6.17609290376464e-08 3.2595056398410094e-07
-29600.000747758913 5.827784531243814e-10 1.1535060967868047 2.3619118938444927e-07 5.327705392410564e-07
-29400.00074270649 8.506602787497046e-10 -2.473879896630633 -6.679724434688339e-07 -5.267216766080551e-07
-29200.000737654063 8.906901360129753e-10 -0.7606450214748951 6.452083555208432e-07 -6.140318365988051e-07
-29000.00073260164 7.17250305605839e-10 1.4545975203398938 8.315620281251768e-08 7.124135363856254e-07
-28800.000727549213 5.883770900502351e-10 0.40709319703179636 5.402923403119431e-07 2.3296305950992746e-07
-28600.00072249679 9.449940168845704e-10 1.1283781155950574 4.0457660122061867e-07 8.540090548070367e-07
-28400.000717444364 9.142119367409002e-10 2.470600838273509 -7.16015704615991e-07 5.684232367020314e-07
-28200.00071239194 2.7302736517793176e-10 -0.22036254577783293 2.6642509032281936e-07 -5.967925420513609e-08
-28000.000707339514 6.114133485848486e-10 1.4067673991188556 9.984035764798449e-08 6.032065863470493e-07
-27800.00070228709 1.1322748149690968e-09 -2.967553506688804 -1.115169965815177e-06 -1.96066835433939e-07
-27600.000697234664 3.746029595012446e-10 0.24975180100974587 3.6298045213989383e-07 9.258816680013382e-08
-27400.00069218224 6.063996902983488e-10 1.7598520963723303 -1.1396164745214321e-07 5.955949355929135e-07
-27200.000687129814 8.498271979181166e-10 -0.30814574323182237 8.097982883148447e-07 -2.5774599621275485e-07
-27000.00068207739 8.552385474845488e-10 2.337645693607258 -5.93424297479217e-07 6.158575941439537e-07
-26800.000677024964 1.5072924304706953e-09 -1.2310300206474138 5.023304753271063e-07 -1.4211244014905589e-06
-26600.00067197254 3.1174419210112556e-10 0.5905340113019166 2.589482736015114e-07 1.735806236524695e-07
-26400.000666920114 5.110300877227951e-10 0.8978143010078704 3.1853558035699336e-07 3.9960835152008656e-07
-26200.00066186769 5.376509953827619e-10 -2.6763561067067303 -4.805070107360976e-07 -2.4120863473253706e-07
-26000.000656815264 2.1535020958662113e-10 1.5470990655160817 5.102732569817192e-09 2.1528974636364495e-07
-25800.00065176284 6.626308126228786e-10 -1.1163467510939746 2.9087360498003534e-07 -5.953756291310341e-07
-25600.00064671041 4.1908486890522785e-10 -0.04026049380036849 4.187452659065727e-07 -1.68680059919879e-08
-25400.000641657985 2.644336159265544e-10 2.7143609025577344 -2.406653355491173e-07 1.095688527685823e-07
-25200.00063660556 1.0035352507309786e-09 -0.0932651862944523 9.991738405545902e-07 -9.345927354242889e-08
-25000.000631553135 4.873975922791054e-10 2.2634380426764027 -3.1123863641902005e-07 3.7508255645857247e-07
-24800.00062650071 5.11491746281342e-10 -2.957702678820097 -5.028679086471755e-07 -9.352899532633074e-08
-24600.000621448286 1.065358882828222e-09 0.20740292474419667 1.0425271785852175e-06 2.193778273484881e-07
-24400.00061639586 4.2100097389922376e-10 0.1546615908789218 4.1597578748220343e-07 6.485340586781518e-08
-24200.000611343436 9.387898205727886e-11 0.04685109380265233 9.377596754678308e-08 4.3967240959119636e-09
-24000.00060629101 5.075846371253656e-10 -2.6699657386211313 -4.521717751337917e-07 -2.3061407072866302e-07
-23800.000601238586 1.7183070694507623e-10 -0.17634448801304223 1.691658811919794e-07 -3.0144593043957e-08
-23600.00059618616 4.370430848573673e-10 -1.2375837727998307 1.4294829830951983e-07 -4.130041670880047e-07
-23400.000591133736 5.411261939509276e-10 -0.12000735023332089 5.372342822829168e-07 -6.478335989879014e-08
-23200.00058608131 4.696831918903049e-10 -2.1320542357666583 -2.4998960557187644e-07 -3.976273353911708e-07
-23000.000581028886 9.907363153082183e-10 -2.138181273235449 -5.324500209624716e-07 -8.354971104962416e-07
-22800.00057597646 5.042530199734561e-10 3.0583613701707546 -5.025074351072689e-07 4.1921185744975276e-08
-22600.000570924036 6.126434400659328e-10 -0.13503771630321362 6.070660899526459e-07 -8.247876748246341e-08
-22400.00056587161 1.133850952947794e-09 -2.978320954551661 -1.1187715963645317e-06 -1.8430436421468244e-07
-22200.000560819186 7.81027697015658e-10 2.280483257002396 -5.089147723236209e-07 5.924609843832584e-07
-22000.00055576676 7.252694519315336e-10 -2.60552287920957 -6.235306275748087e-07 -3.704393801706729e-07
-21800.000550714336 8.99171731228899e-10 -0.27287660678051157 8.659020430679121e-07 -2.423292265740784e-07
-21600.00054566191 8.765568324502662e-10 -1.8942978687034493 -2.786472603766299e-07 -8.310881931539171e-07
-21400.000540609486 1.6342060803237374e-09 0.2524999334741679 1.5823868783071404e-06 4.0826618807887627e-07
-21200.00053555706 8.354939420826527e-10 2.7349562173447155 -7.673647417494323e-07 3.3045647274132506e-07
-21000.000530504636 4.1108195239634316e-10 -0.20220765049329545 4.027064032241512e-07 -8.255861183581459e-08
-20800.00052545221 2.3383093671583014e-10 2.1468449970935186 -1.273711082161455e-07 1.9609565971023812e-07
-20600.000520399786 5.587305453550456e-10 1.64894521098391 -4.361973759969828e-08 5.570252604725212e-07
-20400.00051534736 1.9613478713714965e-10 -1.3920181338524196 3.4878133936544486e-08 -1.9300873166372412e-07
-20200.000510294936 7.950818315286298e-10 1.0775477366291992 3.7646308781447146e-07 7.003075483957844e-07
-20000.00050524251 8.737838906775934e-10 -1.8272809761692057 -2.2166304469717346e-07 -8.452004390813173e-07
-19800.000500190083 7.551872609727562e-10 -3.126893822061574 -7.551056812049595e-07 -1.1099970609329546e-08
-19600.000495137658 6.362073882437526e-10 -3.057171416143084 -6.339416267486797e-07 -5.364564037435571e-08
-19400.000490085233 2.907394987696054e-10 2.177481946134497 -1.657644544961201e-07 2.388547712950384e-07
-19200.000485032808 5.070519075122556e-10 -1.3375242417023123 1.1721124293373464e-07 -4.933185192568246e-07
-19000.000479980383 3.1614470509409306e-10 0.9492301994438644 1.8409393387486261e-07 2.570153654346541e-07
-18800.000474927958 5.562223116523676e-10 -2.170979815225573 -3.141509705706369e-07 -4.5901244827284415e-07
-18600.000469875533 6.966921477464444e-10 -2.6429446612318066 -6.118559077172847e-07 -3.3318507908219885e-07
-18400.000464823108 4.377150620098165e-10 -0.7325967516195607 3.254149719689181e-07 -2.9274489155017847e-07
-18200.000459770683 3.974734389664234e-10 2.2590958189419887 -2.524849669338636e-07 3.069796021826221e-07
-18000.000454718258 5.72195657936734e-10 0.12030457009040049 5.680599015622789e-07 6.867182245073877e-08
-17800.000449665833 4.0892942306691037e-10 -3.026100221841103 -4.062052002540284e-07 -4.712333112610878e-08
-17600.000444613408 8.586120210781369e-10 0.7962633249392955 6.004981065732551e-07 6.136909863618811e-07
-17400.000439560983 5.299877037041238e-10 1.5105004877495627 3.1936693623002554e-08 5.290245870259724e-07
-17200.000434508558 2.570725557905096e-10 -0.615263902471371 2.099308881176043e-07 -1.4837560835534447e-07
-17000.000429456133 5.815037224674582e-10 -3.0253553774117377 -5.775797647933345e-07 -6.744030356387043e-08
-16800.000424403708 7.350775426569157e-10 1.25792731207697 2.2624924944647518e-07 6.993927872400718e-07
-16600.000419351283 5.260522148215285e-10 1.9381174451921162 -1.8891405273446793e-07 4.909607045355813e-07
-16400.00041429886 8.789507985942818e-10 -1.161760195483425 3.49580846048525e-07 -8.064414042108226e-07
-16200.000409246433 1.423819412995684e-09 -1.3135964076843145 3.621820378052476e-07 -1.3769843471567178e-06
-16000.000404194008 1.1858280663067288e-09 2.893814113332265 -1.1496124365795168e-06 2.9082546054715053e-07
-15800.000399141583 1.2829125126195258e-09 2.1827784867628837 -7.370217014468494e-07 1.0500778669375599e-06
-15600.000394089157 5.499602116317858e-10 -0.5287134300317492 4.748668626097796e-07 -2.7741250363533254e-07
-15400.000389036732 6.706993630501479e-10 0.5792904533159056 5.61275625754476e-07 3.671611465416724e-07
-15200.000383984307 2.477367274382698e-10 -1.898856716384076 -7.982262328898315e-08 -2.3452470004903248e-07
-15000.000378931882 2.468011320032676e-10 -1.262984693125941 7.477428987101575e-08 -2.3520119968312159e-07
-14800.000373879457 8.054427683702172e-10 -1.8079805373463615 -1.892521523938484e-07 -7.828931446463017e-07
-14600.000368827032 7.201852808748551e-10 2.415959173571856 -5.387556206715161e-07 4.779217718242634e-07
-14400.000363774607 2.7184541075663175e-10 -0.38916518106742415 2.5151847626858626e-07 -1.0314253945375995e-07
-14200.000358722182 7.708499638685852e-10 1.8299813959164526 -1.9756339242338328e-07 7.451029276350774e-07
-14000.000353669757 3.211049197291072e-10 2.5381983022754167 -2.6440237277380874e-07 1.8220799857804337e-07
-13800.000348617332 6.09809353449031e-10 2.8178802077586993 -5.781365070012257e-07 1.9397326317394104e-07
-13600.000343564907 4.4080467209480423e-10 2.73265743234568 -4.0445800542077137e-07 1.7527829526686745e-07
-13400.000338512482 3.338172516223954e-10 -0.07459135742353275 3.3288902412387245e-07 -2.4876798399020572e-08
-13200.000333460057 9.36027193847056e-10 0.11296366498116069 9.300613189600071e-07 1.0551232437761016e-07
-13000.000328407632 7.469049782086125e-11 -2.8775369205560364 -7.210167907167886e-08 -1.9494059089186777e-08
-12800.000323355205 3.2337330681459695e-10 0.7795654768655573 2.29989259969976e-07 2.2732187721086206e-07
-12600.00031830278 3.9972526728164974e-10 -0.037489636965721294 3.994443986687912e-07 -1.498204510452794e-08
-12400.000313250355 5.016845166570917e-10 0.2692951821618247 4.836031314292555e-07 1.3347421295994977e-07
-12200.00030819793 5.716885042129733e-10 1.1534965255527356 2.3170160501351234e-07 5.226299953919877e-07
-12000.000303145505 4.164915796402005e-10 3.077063008966124 -4.1562472941070183e-07 2.6857405188707162e-08
-11800.00029809308 7.419448584962411e-10 -2.04394177020496 -3.3809567878684277e-07 -6.604343154581471e-07
-11600.000293040655 2.7516299283934516e-10 1.9503593235244154 -1.0195190747186444e-07 2.555787181890423e-07
-11400.00028798823 7.673481336399884e-10 2.3848868192679005 -5.579399753319336e-07 5.268075000675054e-07
-11200.000282935805 5.724905007576578e-10 0.6675519344774972 4.4959942080424753e-07 3.544089929308214e-07
-11000.00027788338 2.902328921401327e-10 -2.428830050139935 -2.1957808205019802e-07 -1.8979093119320112e-07
-10800.000272830956 6.710829935568522e-10 -1.6274991195486204 -3.803189219109271e-08 -6.700044473118005e-07
-10600.00026777853 4.909744792543049e-10 0.770080165885057 3.524484165629005e-07 3.4181289171320017e-07
-10400.000262726106 6.877465575545903e-10 2.439405432409423 -5.250472570050846e-07 4.4420795280997183e-07
-10200.00025767368 3.483891793599669e-10 -1.4229689829613645 5.131407565528434e-08 -3.4458944547788306e-07
-10000.000252621256 9.901937656877655e-10 0.5230099872755979 8.578243143597675e-07 4.945918916643421e-07
-9800.000247568829 7.740157214439187e-10 0.06194685350179335 7.725310874340252e-07 4.791717844732091e-08
-9600.000242516404 1.3772820372719038e-09 -1.61169644308765 -5.6315291541153556e-08 -1.3761302257164765e-06
-9400.000237463979 9.00654185343125e-10 0.1938617415681128 8.83782762195473e-07 1.73510780132613e-07
-9200.000232411554 4.041463919169952e-10 2.345875866075969 -2.8281069175406515e-07 2.887081895774912e-07
-9000.000227359129 2.2561308084746588e-10 0.4539252101953118 2.0276588463818968e-07 9.893057301146868e-08
-8800.000222306704 2.6164866046417504e-10 -0.026422332305323353 2.615573321262943e-07 -6.9125634660771595e-09
-8600.000217254279 8.966683880758535e-10 0.7387136848729289 6.629385865819515e-07 6.037604066144731e-07
-8400.000212201854 1.2006992392856577e-09 -2.3559228349917656 -8.487919015420786e-07 -8.492531843318218e-07
-8200.00020714943 5.710209841933409e-10 -2.5823820429509614 -4.840397329619606e-07 -3.029364641360388e-07
-8000.000202097004 7.630559695876043e-10 -2.70156557020953 -6.90367354838628e-07 -3.2503434910235995e-07
-7800.000197044578 4.29255382102946e-10 0.7888735859135454 3.0247266769034553e-07 3.04582449206503e-07
-7600.000191992153 3.998120662034955e-10 2.8563051958268484 -3.8365197918555083e-07 1.1252042991793942e-07
-7400.000186939728 1.194505237649554e-10 -0.26145655835542553 1.153909380269269e-07 -3.0876512902011655e-08
-7200.000181887303 1.7749603194133042e-10 -1.8616037588528989 -5.089270038727278e-08 -1.7004344857185494e-07
-7000.000176834878 4.678054179856415e-10 -1.793223198038492 -1.0319663812374813e-07 -4.5628101316697034e-07
-6800.000171782453 1.0489118735386823e-09 2.2894817599963235 -6.905991759564856e-07 7.894864765267684e-07
-6600.0001667300285 3.944397130887413e-10 -2.289461286603841 -2.5969137362746864e-07 -2.9688899899626975e-07
-6400.000161677603 8.36964275302126e-10 -0.3924511762011287 7.73333541870258e-07 -3.201006578412713e-07
-6200.000156625178 9.214275081390558e-10 2.001191700834588 -3.844473386305225e-07 8.373941106643024e-07
-6000.000151572753 6.518106861165334e-10 -0.05302938121218687 6.508944174754561e-07 -3.454891944754124e-08
-5800.000146520328 7.605576240232065e-10 1.1059728077198192 3.409314028868238e-07 6.798629847148963e-07
-5600.000141467903 2.6931002571694337e-10 1.4378282618964686 3.570420414877873e-08 2.6693276261591237e-07
-5400.000136415478 5.726959980653003e-10 -2.7150919138740917 -5.213932726677584e-07 -2.3691720371643576e-07
-5200.000131363053 7.109272605289161e-10 -0.47931297861144834 6.308142649347204e-07 -3.27858098753131e-07
-5000.000126310628 4.0455234520299696e-10 0.4170229574910935 3.698817288011469e-07 1.6386002169022085e-07
-4800.000121258202 4.771638936721116e-10 -0.16340736330464392 4.7080744958183374e-07 -7.762555534474025e-08
-4600.000116205777 3.373025980605988e-10 1.683784356316331 -3.8030117943677055e-08 3.351518354233196e-07
-4400.000111153352 4.904825115473764e-10 0.5502711904257886 4.1807882855682266e-07 2.56482333205188e-07
-4200.000106100927 7.086504636662897e-10 -0.6873175797607588 5.477518708607576e-07 -4.4961468795290394e-07
-4000.000101048502 6.738488022436979e-10 0.2738063696038401 6.487470169957987e-07 1.822073440460592e-07
-3800.0000959960767 4.941227046562064e-10 -2.554610115949691 -4.1141431772473425e-07 -2.7367043396731017e-07
-3600.0000909436517 2.966666508468891e-10 1.9993008494492588 -1.2326825649111584e-07 2.6984447125399935e-07
-3400.0000858912267 6.527024515990217e-10 2.548914181944677 -5.413824186728533e-07 3.6458958717344725e-07
-3200.0000808388013 5.823981996847522e-10 -2.1774782850712446 -3.3205123828317085e-07 -4.784659216189313e-07
-3000.0000757863763 1.1123081783563568e-09 -1.1845732241422278 4.1899806524359207e-07 -1.030373769542181e-06
-2800.0000707339514 1.5448548309570024e-09 -0.6117309394838556 1.26470342753926e-06 -8.871875163130039e-07
-2600.0000656815264 3.005511941001945e-10 -1.8976969405451436 -9.65097913807611e-08 -2.8463464378514214e-07
-2400.000060629101 1.308588989833575e-10 1.6396036256347286 -8.996944189654243e-09 1.3054924909161603e-07
-2200.000055576676 1.2042139635429517e-09 -2.754216734348705 -1.1149859470149792e-06 -4.549039546442035e-07
-2000.000050524251 6.152857796904621e-10 -0.9625209575677907 3.516069161380031e-07 -5.049249124505772e-07
-1800.0000454718258 1.053084051307385e-09 -0.2610562909678385 1.0174033386878278e-06 -2.7180225448814044e-07
-1600.0000404194006 1.6741514359705335e-10 -1.8283785530842256 -4.2647884557212024e-08 -1.618919029736099e-07
-1400.0000353669757 1.9449036074420936e-09 -1.207256621068772 6.915781968208634e-07 -1.8177925183923693e-06
-1200.0000303145505 1.437238098416864e-09 2.482420602062976 -1.1361361272888004e-06 8.802545380798277e-07
-1000.0000252621255 8.909934746872353e-10 -2.217946631205811 -5.371936471210148e-07 -7.108391923832391e-07
-800.0000202097003 4.50784551680492e-10 2.334381302526641 -3.117245190864537e-07 3.2562944620243006e-07
-600.0000151572752 1.2473646959273924e-09 0.31507370790578937 1.1859613481268738e-06 3.8654154420336706e-07
-400.00001010485016 1.4537662544338023e-09 -1.3955210912964608 2.535065422026861e-07 -1.4314924923278238e-06
-200.00000505242508 1.4598660100067987e-09 0.6234045650426842 1.185258748703788e-06 8.52273703568461e-07
0.0 0.9999999908804893 0.0 999.9999908804893 0.0
200.00000505242508 1.4598128943943666e-09 -0.6234299966448156 1.1851939500928665e-06 -8.522728361876411e-07
400.00001010485016 1.453762994536805e-09 1.3955290633012902 2.5349456189704966e-07 1.431491303282434e-06
600.0000151572752 1.2473716198862186e-09 -0.31507432038183064 1.1859676944947495e-06 -3.8654441622196223e-07
800.0000202097003 4.508019563168435e-10 -2.3344163995583003 -3.1174798353905686e-07 -3.2563107741495623e-07
1000.0000252621255 8.910123272561366e-10 2.2179434940911027 -5.372027835903737e-07 7.108559183302554e-07
1200.0000303145505 1.4372384782964208e-09 -2.4824235482504604 -1.1361390209740918e-06 -8.802514234670933e-07
1400.0000353669757 1.9449032951157934e-09 1.207256329108659 6.915786164851667e-07 1.817792024565168e-06
1600.0000404194006 1.6742037294475822e-10 1.828435069744766 -4.265836650585442e-08 1.6189454914855572e-07
1800.0000454718258 1.053079437477239e-09 0.26105255033585284 1.01739989788463e-06 2.71797257936357e-07
2000.000050524251 6.152879827303958e-10 0.9625208121113663 3.5160824851665495e-07 5.049266691981025e-07
2200.000055576676 1.2042229690280144e-09 2.754220970448145 -1.1149962122480872e-06 4.5490263332614855e-07
2400.000060629101 1.3085947328622817e-10 -1.6396447855140754 -9.002357082010803e-09 -1.305494516101735e-07
2600.0000656815264 3.005516767546772e-10 1.897699412699577 -9.651065002724835e-08 2.8463486229091117e-07
2800.0000707339514 1.5448548513413832e-09 0.6117302286041756 1.2647040749103056e-06 8.871866289672514e-07
3000.0000757863763 1.1123095577940821e-09 1.1845747647810019 4.18996997431087e-07 1.030375692892549e-06
3200.0000808388013 5.823985897015216e-10 2.1774612027986895 -3.320432873099577e-07 4.78471914158729e-07
3400.0000858912267 6.527050313696345e-10 -2.5489145173757235 -5.41384680752266e-07 -3.645908465965686e-07
3600.0000909436517 2.9666453498362754e-10 -1.9993026008445853 -1.2326784992744422e-07 -2.69842330799519e-07
3800.0000959960767 4.941285259916276e-10 2.5546163960930826 -4.114208833616573e-07 2.7367107434395077e-07
4000.000101048502 6.738456454349669e-10 -0.2738104289952141 6.487432381296898e-07 -1.8220912395561228e-07
4200.000106100927 7.08648815686944e-10 0.6873147849156958 5.477518536523007e-07 4.4961211148608626e-07
4400.000111153352 4.904804150518125e-10 -0.5502802069758288 4.180747289472819e-07 -2.56485006511209e-07
4600.000116205777 3.373179363050674e-10 -1.6837403546723224 -3.8017099357468e-08 -3.3516874900496596e-07
4800.000121258202 4.77162391660204e-10 0.16340945329455822 4.7080580534153427e-07 7.762629497531925e-08
5000.000126310628 4.0455177426190815e-10 -0.4170297377254786 3.6988009577409997e-07 -1.6386229831355514e-07
5200.000131363053 7.109241286128303e-10 0.4793159731519398 6.308105041652468e-07 3.2785854339745235e-07
5400.000136415478 5.727010445210724e-10 2.715096879003095 -5.213990433849958e-07 2.3691670256176245e-07
5600.000141467903 2.693110089363079e-10 -1.4378329227056705 3.5703090373040425e-08 -2.669339035643592e-07
5800.000146520328 7.605552296950139e-10 -1.1059705856145494 3.409318403146955e-07 -6.79860086838513e-07
6000.000151572753 6.518069073221333e-10 0.05302692762188505 6.508907287594567e-07 3.454712213524225e-08
6200.000156625178 9.214324370329026e-10 -2.001193826470394 -3.844511751172064e-07 -8.373977728459714e-07
6400.000161677603 8.369688952974741e-10 0.3924527177170776 7.733373171836533e-07 3.2010361689094324e-07
6600.0001667300285 3.9444116852321985e-10 2.2894668831792875 -2.5969399342073984e-07 2.968886410881222e-07
6800.000171782453 1.0489126528447087e-09 -2.289479785115825 -6.905981299043518e-07 -7.894884269388225e-07
7000.000176834878 4.678037733618202e-10 1.7932224575666453 -1.0319593746199729e-07 4.562794854723329e-07
7200.000181887303 1.774972368149089e-10 1.8615985867687594 -5.089216636999794e-08 1.700448660768572e-07
7400.000186939728 1.194479432379225e-10 0.2614463160337656 1.1538876143468713e-07 3.087466401985317e-08
7600.000191992153 3.9981600936662277e-10 -2.856314545428739 -3.836568149839792e-07 -1.1251795262179343e-07
7800.000197044578 4.2925726479645106e-10 -0.7888574353804079 3.0247891347201517e-07 -3.045788999345156e-07
8000.000202097004 7.630606499665567e-10 2.7015691262197175 -6.903727451934571e-07 3.250338878046932e-07
8200.00020714943 5.710242656589392e-10 2.5823858347817588 -4.8404366326249e-07 3.0293636960054826e-07
8400.000212201854 1.2006993458910974e-09 2.3559315301254937 -8.487993612416034e-07 8.492458793418756e-07
8600.000217254279 8.966714887395094e-10 -0.738715340448532 6.629398794366637e-07 -6.03763591955353e-07
8800.000222306704 2.616531854600904e-10 0.02642871265410141 2.6156181143210944e-07 6.914351868836377e-09
9000.000227359129 2.2561076307720683e-10 -0.45393329078518874 2.0276300216615084e-07 -9.893119512494053e-08
9200.000232411554 4.041445391550535e-10 -2.34587038776728 -2.828078136118961e-07 -2.887084153413433e-07
9400.000237463979 9.006542210964405e-10 -0.1938586913433168 8.837833265218364e-07 -1.7350809128346967e-07
9600.000242516404 1.3772813690528864e-09 1.611697574190341 -5.6316820762347675e-08 1.376129494357059e-06
9800.000247568829 7.740134111961421e-10 -0.0619505629776085 7.725286038651191e-07 -4.791990110275535e-08
10000.000252621256 9.901995972496917e-10 -0.5230140713671035 8.578273463788477e-07 -4.945983079207572e-07
10200.00025767368 3.483885658067651e-10 1.4229820064283258 5.130949753962e-08 3.445895068732163e-07
10400.000262726106 6.877481703208843e-10 -2.4394063786570754 -5.25048908572856e-07 -4.4420849765192116e-07
10600.00026777853 4.909834623381668e-10 -0.7700744410949736 3.524568219503976e-07 -3.418171279356841e-07
10800.000272830956 6.710849417065946e-10 1.6274997330732386 -3.8032413662847375e-08 6.700063689968339e-07
11000.00027788338 2.9023236256860757e-10 2.428847001497319 -2.195808985749892e-07 1.8978686272541623e-07
11200.000282935805 5.724920513760171e-10 -0.6675564715979871 4.495990305608544e-07 -3.5441199275343394e-07
11400.00028798823 7.673485239521326e-10 -2.3848870752788884 -5.579403939970362e-07 -5.268076251896403e-07
11600.000293040655 2.7516109140437567e-10 -1.95037043184416 -1.0195404198665159e-07 -2.555758195632585e-07
11800.00029809308 7.419464942818903e-10 2.043936458939483 -3.380929164409352e-07 6.604375672458751e-07
12000.000303145505 4.164897905634331e-10 -3.077056242441782 -4.156227623175468e-07 -2.686010214247858e-08
12200.00030819793 5.716892620096074e-10 -1.1534973694044934 2.3170147112061557e-07 -5.226308836814297e-07
12400.000313250355 5.016839519471807e-10 -0.2692959905500685 4.836024791732285e-07 -1.334744536563015e-07
12600.00031830278 3.997241184079312e-10 0.03745875362788148 3.994437131060735e-07 1.4969665895758766e-08
12800.000323355205 3.233728074903997e-10 -0.7795662608748243 2.2998872661883496e-07 -2.2732170651407202e-07
13000.000328407632 7.468754148573107e-11 2.8775168184713964 -7.209843333466637e-08 1.949473682483216e-08
13200.000333460057 9.360253473892024e-10 -0.11295965234981739 9.300599076444982e-07 -1.0550838425160691e-07
13400.000338512482 3.3381730762519197e-10 0.07459218316739234 3.3288905942896463e-07 2.487707745357781e-08
13600.000343564907 4.4080494009746835e-10 -2.7326584141821693 -4.0445842341974014e-07 -1.752780047215019e-07
13800.000348617332 6.098098520046489e-10 -2.8178847332242385 -5.781378574765128e-07 -1.9397080541772027e-07
14000.000353669757 3.211220347488863e-10 -2.5381172611909046 -2.6440169753616516e-07 -1.8223913833548266e-07
14200.000358722182 7.708558991325765e-10 -1.8299781778660347 -1.9756251579128303e-07 -7.45109300426261e-07
14400.000363774607 2.718422659452861e-10 0.3891509701713828 2.5151703231252043e-07 1.0313777198955876e-07
14600.000368827032 7.20183739078595e-10 -2.415960597071908 -5.387551476054853e-07 -4.779199817561697e-07
14800.000373879457 8.054407163506915e-10 1.8079804294108326 -1.8925158573601664e-07 7.828911705032304e-07
15000.000378931882 2.467997758166712e-10 1.2629805043143185 7.477486418938639e-08 2.3519959402307222e-07
15200.000383984307 2.4773524721388344e-10 1.8988685801225276 -7.982492866709379e-08 2.3452235176080194e-07
15400.000389036732 6.706969201416911e-10 -0.5792887391504327 5.612742107752311e-07 -3.6715884710325497e-07
15600.000394089157 5.499560867372111e-10 0.5287039159108264 4.7486594023649076e-07 2.774059050247857e-07
15800.000399141583 1.282911103872354e-09 -2.1827785306018264 -7.3702093816852e-07 -1.0500766815524365e-06
16000.000404194008 1.1858240600045466e-09 -2.8938084339057304 -1.1496069008964938e-06 -2.9083100711035925e-07
16200.000409246433 1.4238153972517095e-09 1.3135986271254414 3.6217796017812276e-07 1.3769812673425363e-06
16400.00041429886 8.789464941321714e-10 1.1617612110393953 3.495783150730958e-07 8.064378098637803e-07
16600.000419351283 5.26053192184578e-10 -1.938124118046931 -1.8891767983308938e-07 -4.90960356092085e-07
16800.000424403708 7.350943479955972e-10 -1.2578805929093528 2.2628709750449616e-07 -6.993982055725212e-07
17000.000429456133 5.815037647491541e-10 3.025353403153776 -5.775796736440242e-07 6.744144875892033e-08
17200.000434508558 2.570730534298418e-10 0.6152675990955313 2.0993074600905715e-07 1.4837667161593515e-07
17400.000439560983 5.299864990515382e-10 -1.5105032613276708 3.19351537436674e-08 -5.290234731392118e-07
17600.000444613408 8.586112116910516e-10 -0.7962660894621776 6.004958439387309e-07 -6.136920679411517e-07
17800.000449665833 4.0892884025362945e-10 3.0261090089708516 -4.0620503538590924e-07 4.711969459059162e-08
18000.000454718258 5.721954785934484e-10 -0.12030671268754622 5.68059576377955e-07 -6.867301804991399e-08
18200.000459770683 3.9747652980863157e-10 -2.259090874535008 -2.5248541246636336e-07 -3.0698323771893854e-07
18400.000464823108 4.377115578620988e-10 0.7325954398445234 3.2541275085673504e-07 2.927421210996428e-07
18600.000469875533 6.966892677920398e-10 2.6429407324798637 -6.11852069454244e-07 3.331861055944074e-07
18800.000474927958 5.562258956857856e-10 2.1709676705367564 -3.1414742018842645e-07 4.590192211884059e-07
19000.000479980383 3.1614899376930213e-10 -0.9492402049326502 1.8409385960094227e-07 -2.570206939500608e-07
19200.000485032808 5.070547782677735e-10 1.3375570110415138 1.1719574066759719e-07 4.93325152950419e-07
19400.000490085233 2.9073719056233823e-10 -2.177483000169744 -1.657633902363287e-07 -2.3885270028500827e-07
19600.000495137658 6.362068522819613e-10 3.0571701026550024 -6.339410222322428e-07 5.3646427855547074e-08
19800.000500190083 7.551871615177891e-10 3.126899141246426 -7.551056407928414e-07 1.1095952601181125e-08
20000.00050524251 8.737821182793509e-10 1.8272784171971135 -2.2166043223137422e-07 8.451992918878659e-07
20200.000510294936 7.950803931863093e-10 -1.0775485733288999 3.7646182082795576e-07 -7.00306596490563e-07
20400.00051534736 1.9613413610487278e-10 1.392016992742906 3.4878238408531104e-08 1.9300805120803233e-07
20600.000520399786 5.58735602953607e-10 -1.6489531382981313 -4.3624548196063984e-08 -5.570299568269377e-07
20800.00052545221 2.338402644101534e-10 -2.146838259485138 -1.273748678753961e-07 -1.9610434032202306e-07
21000.000530504636 4.1108019343043635e-10 0.20221046030461343 4.027044481214048e-07 8.255939010215485e-08
21200.00053555706 8.354909720547198e-10 -2.734948683405218 -7.67359524256328e-07 -3.3046107927869883e-07
21400.000540609486 1.6342089894747409e-09 -0.252502533279379 1.582388633791787e-06 -4.0827102876228594e-07
21600.00054566191 8.765576292606e-10 1.8942957796117086 -2.786457774517359e-07 8.310895307506172e-07
21800.000550714336 8.991701160295188e-10 0.272880963670698 8.658994318233582e-07 2.4233256390449043e-07
22000.00055576676 7.252700476798614e-10 2.6055218514372913 -6.235307590252148e-07 3.7044032530353377e-07
22200.000560819186 7.810221522247175e-10 -2.2804954156349044 -5.089183627848826e-07 -5.924505905863242e-07
22400.00056587161 1.1338531875547647e-09 2.978321013664196 -1.1187738121476443e-06 1.8430466131036383e-07
22600.000570924036 6.126456052317899e-10 0.13503937806378116 6.070680983460974e-07 8.248006777566985e-08
22800.00057597646 5.042527539209705e-10 -3.058361640547798 -5.025071813102855e-07 -4.192102776023887e-08
23000.000581028886 9.907377883356472e-10 2.1381817394473552 -5.324512021287475e-07 8.354981044789156e-07
23200.00058608131 4.696823742973433e-10 2.132050636057648 -2.4998773906492744e-07 3.976275431138987e-07
23400.000591133736 5.411124286333938e-10 0.12002881147397684 5.372192255492791e-07 6.479324132779851e-08
23600.00059618616 4.3703966652410854e-10 1.2375810389994713 1.4294830930072777e-07 4.130005459845876e-07
23800.000601238586 1.7182378370625785e-10 0.1763354976045209 1.6915933631622693e-07 3.014185767646893e-08
24000.00060629101 5.075831058663418e-10 2.6699654770396513 -4.521703507176511e-07 2.3061349330166792e-07
24200.000611343436 9.387499019867103e-11 -0.04685341665795914 9.377196985571601e-08 -4.396754960112048e-09
24400.00061639586 4.2100324629456824e-10 -0.15466107150320044 4.159780664370061e-07 -6.485353987173426e-08
24600.000621448286 1.0653562663058588e-09 -0.2074031446545575 1.0425245698941765e-06 -2.1937751781830883e-07
24800.00062650071 5.114858515832674e-10 2.957705816853402 -5.028624068259546e-07 9.352633945081124e-08
25000.000631553135 4.874042915586473e-10 -2.2634437947952795 -3.112450719378046e-07 -3.750859216555824e-07
25200.00063660556 1.0035288916625619e-09 0.0932688730005162 9.991671645614986e-07 9.346236495844096e-08
25400.000641657985 2.6443976408111593e-10 -2.714336187121516 -2.4066822290613743e-07 -1.0957734852823364e-07
25600.00064671041 4.1908224495006955e-10 0.040265644869958254 4.187425571844372e-07 1.68700573510705e-08
25800.00065176284 6.62629876877182e-10 1.1163486018880349 2.908720923011643e-07 5.953753267062822e-07
26000.000656815264 2.1534939947941197e-10 -1.547120283103347 5.098145461346348e-09 -2.152890447026934e-07
26200.00066186769 5.376523686587935e-10 2.676358973439225 -4.80508929534551e-07 2.412078733415868e-07
26400.000666920114 5.110312748339949e-10 -0.8978186859139379 3.185345680556395e-07 -3.9961067654914473e-07
26600.00067197254 3.11745405604611e-10 -0.590519906191756 2.5895172994783167e-07 -1.7357764681147358e-07
26800.000677024964 1.5072864793891121e-09 1.231026926502819 5.023328891740064e-07 1.4211172363332025e-06
27000.00068207739 8.552430251278943e-10 -2.3376484906198676 -5.934291269493741e-07 -6.1585915867024e-07
27200.000687129814 8.498262729432792e-10 0.30814610419379956 8.09797313872096e-07 2.577460079811189e-07
27400.00069218224 6.063991483430804e-10 -1.759851084633567 -1.1396094301563409e-07 -5.955945185931455e-07
27600.000697234664 3.746078002381935e-10 -0.24976256338175143 3.6298414618496366e-07 -9.259326982924421e-08
27800.00070228709 1.1322743066281616e-09 2.9675545279525006 -1.1151696653888266e-06 1.9606560852647448e-07
28000.000707339514 6.114107116093069e-10 -1.4067636805707446 9.984217008707219e-08 -6.032036135028562e-07
28200.00071239194 2.730293813397653e-10 0.22036164507654446 2.664271114838357e-07 5.967945493345894e-08
28400.000717444364 9.14213054895817e-10 -2.470599205236113 -7.160156521024419e-07 -5.68425101210579e-07
28600.00072249679 9.44994597638152e-10 -1.1283803706618685 4.0457492400669537e-07 -8.540104919907421e-07
28800.000727549213 5.883785476618104e-10 -0.40708724900217136 5.402950644661786e-07 -2.3296042295228858e-07
29000.00073260164 7.172513879024462e-10 -1.454599720981572 8.315476052178639e-08 -7.124147943793346e-07
29200.000737654063 8.906894764789998e-10 0.7606475201979548 6.452063434636557e-07 6.140329941173306e-07
29400.00074270649 8.506608984526334e-10 2.4738817611807846 -6.679739121828732e-07 5.267208148529434e-07
29600.000747758913 5.827755042360761e-10 -1.1535087516750422 2.361885798052299e-07 -5.327684704514724e-07
29800.00075281134 3.3174948813411517e-10 -1.3835412959396496 6.175935240992914e-08 -3.259501576424739e-07
30000.000757863763 6.696046552556051e-10 1.2156269129441308 2.3285449024523786e-07 6.278130141312843e-07
30200.00076291619 9.3418840649468e-10 -3.083011108422624 -9.325858921771513e-07 -5.4694904161323166e-08
30400.000767968613 1.3647176689485362e-09 2.553851679684457 -1.1357117553068008e-06 7.567120487994572e-07
30600.00077302104 7.654894259230503e-10 -2.5295795935621097 -6.265478448286288e-07 -4.397861518290469e-07
30800.000778073463 1.3480741788668896e-09 1.3952058271213847 2.3549452277116245e-07 1.3273455923279442e-06
31000.000783125888 6.235990680217758e-10 -1.4629279274467761 6.713626132803796e-08 -6.199746124257999e-07
31200.000788178313 4.0060738624496375e-10 -1.3106560977314201 1.0304265563032544e-07 -3.8712851746502963e-07
31400.00079323074 8.916837756493296e-10 1.3841617790691012 1.6545454906147228e-07 8.76199034438585e-07
31600.000798283167 4.3780082160328247e-10 3.1362414305696023 -4.37794553276305e-07 2.342758653739452e-09
31800.00080333559 4.968971605583729e-10 -0.6228744484139808 4.0358232900050695e-07 -2.8987599398622166e-07
32000.000808388017 3.6087360970373313e-10 -2.957462940524156 -3.5477338944378545e-07 -6.607271996195152e-08
32200.00081344044 4.3962608651823164e-10 -1.437891567969649 5.825654081359488e-08 -4.3574909225352343e-07
32400.000818492867 7.160893955427782e-10 -0.40162161354523584 6.591089429797137e-07 -2.799275329312678e-07
32600.00082354529 9.582312661256556e-10 1.0722129015399322 4.582088443116916e-07 8.4157698065912e-07
32800.00082859772 9.083137089638223e-10 -1.0413037438854735 4.5878514254305003e-07 -7.839323866720704e-07
33000.00083365014 9.540228864947608e-10 1.138950564146523 3.993042054784013e-07 8.664385837686694e-07
33200.00083870257 5.150674238031728e-10 1.635757519547056 -3.343586629789286e-08 5.139810248522281e-07
33400.00084375499 5.145371059659832e-10 -1.5549729174400118 8.141391505400719e-09 -5.144726923367315e-07
33600.000848807416 7.913482613349808e-11 -0.36883515591540816 7.381284594654147e-08 -2.85304132541242e-08
33800.00085385984 4.920624502375781e-10 -2.5777240426831396 -4.158881436455708e-07 -2.629876554305355e-07
34000.000858912266 6.232591849645198e-10 2.7268026393778007 -5.704074071966048e-07 2.511720554876362e-07
34200.00086396469 2.3217037331300293e-10 -1.9563840881674688 -8.732016154588962e-08 -2.1512385184330185e-07
34400.000869017116 4.752094051587995e-10 1.9575821776500568 -1.792554793489387e-07 4.401039103152371e-07
34600.00087406954 7.034557285672089e-10 -1.275563724304367 2.0467916483912774e-07 -6.730203574445426e-07
34800.000879121966 6.182675586273281e-10 0.41301143298925597 5.662813228335395e-07 2.481536569565179e-07
35000.00088417439 5.728541678833093e-11 1.4329674387470595 7.870610552185298e-09 5.6742157750200306e-08
35200.000889226816 9.12372654194886e-11 -1.4755518285290468 8.676715179678496e-09 -9.082374807789506e-08
35400.00089427924 5.64321590677663e-10 1.2034472377516847 2.0267195011136607e-07 5.266715659146826e-07
35600.000899331666 3.6887477391892355e-10 -1.6315865840785178 -2.241018381976545e-08 -3.681934036547929e-07
35800.00090438409 5.645149900152369e-10 -1.674801807605902 -5.8606859698606684e-08 -5.614645224305548e-07
36000.000909436516 3.3260316278262016e-10 -0.6840855735134743 2.577665385583572e-07 -2.1019342399952734e-07
36200.00091448894 1.5165836072983576e-10 -2.548327895022249 -1.2574296026635068e-07 -8.478777224762979e-08
36400.000919541366 4.0565076573709944e-10 -1.033507255926733 2.0761567942617631e-07 -3.484942946441194e-07
36600.00092459379 9.629078870769096e-10 -3.138280643822947 -9.629026058166623e-07 -3.189154496041624e-09
36800.000929646216 4.333211470014986e-10 -0.47659008618879245 3.8503374072407226e-07 -1.987869083786009e-07
37000.00093469864 4.040046774593515e-10 2.8246716569914208 -3.8388502981989703e-07 1.2590497722175797e-07
37200.000939751066 2.4204876380649417e-10 -1.5618879068413307 2.1562435170707772e-09 -2.420391593815907e-07
37400.00094480349 3.3769724705675457e-10 3.135863248414508 -3.376917044328742e-07 1.93479376964234e-09
37600.000949855916 1.1699338448504145e-09 1.4367166742916397 1.5639474476580872e-07 1.1594334328179912e-06
37800.00095490834 7.270486027157455e-10 2.4321125186807016 -5.51612239552135e-07 4.736281324912994e-07
38000.000959960766 9.283932330434313e-10 -0.46850914863594884 8.283518836971204e-07 -4.192220794951851e-07
38200.00096501319 5.456874296786959e-10 -1.4764381902484525 5.141367642735872e-08 -5.432599790022863e-07
38400.000970065616 8.395428732361367e-10 -0.08199833453509354 8.367220258320707e-07 -6.876399849531367e-08
38600.00097511804 1.3020145900921803e-09 1.774875442244042 -2.6387340090749944e-07 1.274995223954356e-06
38800.000980170465 1.1718660663834238e-09 2.803295962451725 -1.1054462553672373e-06 3.8891985554290187e-07
39000.00098522289 9.975701034909273e-10 -2.2914519429769715 -6.582739923710612e-07 -7.495475050633971e-07
39200.000990275315 1.1992795700140232e-09 -0.04567899690612392 1.1980285967161386e-06 -5.476283870819998e-08
39400.00099532774 1.529157492247637e-10 1.3961296155725291 2.6573688138853413e-08 1.5058906155385188e-07
39600.001000380165 5.770785950808642e-10 -0.16373052945207345 5.693607886270158e-07 -9.406379364307327e-08
39800.00100543259 2.8551825514650097e-10 2.4705713848925637 -2.2361420387584374e-07 1.7753129821773683e-07
40000.00101048502 7.79685692339718e-10 -1.9962682636707234 -3.2181580639223384e-07 -7.1017206759727e-07
40200.00101553745 1.7361126885240667e-10 -1.2568434206791521 5.3614758521725037e-08 -1.651251959611244e-07
40400.00102058987 7.331665574456747e-10 -0.29284046506447564 7.019540247954481e-07 -2.1164533547946007e-07
40600.0010256423 3.720634739309831e-10 -0.6054546573512236 3.0592674354901206e-07 -2.117547076574411e-07
40800.00103069472 6.990629419523994e-10 -2.2093824083849256 -4.1668397926519773e-07 -5.613051382580281e-07
41000.00103574715 9.690986552666152e-10 1.438951003242607 1.2740126908994398e-07 9.606878370593819e-07
41200.00104079957 4.558157203246566e-10 -2.2087646683074387 -2.7146771869324127e-07 -3.661601406523829e-07
41400.001045852 9.165623283056985e-10 -0.94700448491654 5.353797057905396e-07 -7.439456111146825e-07
41600.00105090442 3.986578146643953e-10 2.0465324807406926 -1.8258248035696312e-07 3.5438918022379085e-07
41800.00105595685 5.123144603886996e-10 1.9732070556000134 -2.0064162459254575e-07 4.713905438213928e-07
42000.00106100927 7.312442868574181e-11 2.602200242008178 -6.274228855907005e-08 3.755778610337046e-08
42200.0010660617 9.392402996728768e-10 2.960190256912447 -9.238289207236239e-07 1.694475310065613e-07
42400.00107111412 1.1352549517994503e-09 -1.7411677730012702 -1.9248069371702314e-07 -1.1188185680133245e-06
42600.00107616655 1.8552105400673816e-10 0.8636476324139369 1.2052724104871793e-07 1.410363273945947e-07
42800.00108121897 4.061693692278467e-10 1.3526837839817827 8.788988128949349e-08 3.9654624606200173e-07
43000.0010862714 5.435461347215552e-10 1.051387017108555 2.6979860276443723e-07 4.718592104824282e-07
43200.00109132382 4.536137596022943e-10 2.9090593704399668 -4.4140508081991214e-07 1.0453227983209246e-07
43400.00109637625 8.114206707913977e-10 -0.9915305087547783 4.4417952435593655e-07 -6.79049376062224e-07
43600.00110142867 6.887248112912253e-10 -1.9978675021661658 -2.852745118742117e-07 -6.268654708652122e-07
43800.0011064811 3.797264721297675e-10 0.23948494993461023 3.688891829500829e-07 9.007199530675081e-08
44000.00111153352 6.260787500969456e-10 2.1108873518888203 -3.219384975550188e-07 5.369638769181506e-07
44200.00111658595 4.664018869393764e-10 -2.9724684216835198 -4.597475229406456e-07 -7.850436478662459e-08
44400.00112163837 6.17200809061462e-10 2.9483565813804558 -6.057134264436659e-07 1.1852461234695966e-07
44600.0011266908 3.269155112507383e-10 -1.0897691324077337 1.5126055358249957e-07 -2.898171775900238e-07
44800.00113174322 4.0847306484597984e-10 -1.4626960582157436 4.40700994308596e-08 -4.0608874773973014e-07
45000.00113679565 2.2393745942612066e-10 -1.9334106213476445 -7.943503663176976e-08 -2.093754061238684e-07
45200.00114184807 2.692238768193717e-10 1.1297154326643626 1.1493629203940259e-07 2.4345665861069676e-07
45400.0011469005 1.512723569439786e-09 2.060089587337996 -7.109833923824027e-07 1.3352285247458795e-06
45600.00115195292 2.3136421381111698e-10 -1.6616157390527166 -2.098348825252394e-08 -2.3041070429385968e-07
45800.00115700535 5.470540852282813e-10 -0.7894685640943672 3.8524791778904444e-07 -3.883969799112208e-07
46000.00116205777 6.20905802455181e-10 0.558736570880784 5.264818944972216e-07 3.2915168279856744e-07
46200.0011671102 9.75652222220485e-10 -2.915635083997438 -9.508511625566651e-07 -2.185848242408639e-07
46400.00117216262 7.775969633038903e-10 0.939375585022728 4.5900939216192427e-07 6.276682366079811e-07
46600.00117721505 1.1229687525471732e-09 2.023219097335686 -4.909011097620208e-07 1.0099875838998074e-06
46800.00118226747 9.133803237650814e-10 -0.06844736608279935 9.112415464279655e-07 -6.246967187983898e-08
47000.0011873199 3.999324464050711e-10 -3.136519100205003 -3.999272990967695e-07 -2.0290699120906197e-09
47200.00119237232 2.115679417619164e-10 -2.3127302455683463 -1.4295958691845634e-07 -1.5596009261820143e-07
47400.001197424746 1.648955849319874e-10 2.3263634406098364 -1.1306916168629666e-07 1.2002465832328113e-07
47600.00120247717 4.4901431606476614e-10 -0.3518330846125682 4.21508854944741e-07 -1.5473894543482913e-07
47800.001207529596 4.723393853163111e-10 -2.789332000963192 -4.433354516414356e-07 -1.629667826241743e-07
48000.00121258202 4.3690924998640633e-10 -2.9202303827927167 -4.2624833924975736e-07 -9.592729544039003e-08
48200.001217634446 9.79553228376705e-10 -1.8546024693054644 -2.7428621969527445e-07 -9.403677987407377e-07
48400.00122268687 7.153097136801449e-10 1.3859316501152994 1.3148359467862747e-07 7.031216472386248e-07
48600.001227739296 6.851316721188819e-10 0.707825105979278 5.205478007461184e-07 4.4546087962782366e-07
48800.00123279172 1.188425303766934e-10 0.31477625148040544 1.130032829949057e-07 3.67940899970165e-08
49000.001237844146 2.861703577876047e-10 2.5710892846847755 -2.4084933916701523e-07 1.5454795210256833e-07
49200.00124289657 8.629137444313181e-10 1.1994500717881191 3.131257298345791e-07 8.040972625522613e-07
49400.001247948996 9.019868086170014e-10 -0.4524487156623099 8.112282617184219e-07 -3.943208215506644e-07
49600.00125300142 1.0494982585161807e-09 0.7075153247217656 7.975967720435378e-07 6.821187461536482e-07
49800.001258053846 4.022092757574475e-10 1.1626017678456027 1.5965812701426718e-07 3.6916335677261713e-07
50000.00126310627 5.092621654563784e-10 2.7828228772855765 -4.768371844022074e-07 1.78813457929472e-07
50200.001268158696 2.741201413474508e-10 2.2873197963250793 -1.8003306752334414e-07 2.067122311100178e-07
50400.00127321112 3.0992110117611604e-10 -0.7711999841490887 2.2223661216153046e-07 -2.1601383559666232e-07
50600.001278263546 2.824245050207652e-10 1.9748984872590842 -1.1104745001669358e-07 2.5967684702532523e-07
50800.00128331597 7.962386803944874e-10 -1.0267988607156975 4.121017182154296e-07 -6.812989138405001e-07
51000.001288368396 4.58611549733177e-10 -2.984340567022366 -4.52952901498771e-07 -7.182076700029683e-08
51200.00129342082 3.487113463745801e-10 -1.0686876133073524 1.6782606769571995e-07 -3.0566977948787155e-07
51400.00129847325 6.346219349648099e-10 0.660866294327962 5.010091376073111e-07 3.8953157044385733e-07
51600.00130352568 1.1566462419708218e-09 -1.1440653374164322 4.787325965302514e-07 -1.0529224235833468e-06
51800.0013085781 3.334298260108195e-10 -1.171880681632896 1.2951059849553026e-07 -3.072498230283216e-07
52000.00131363053 1.6466278487064922e-10 2.9146819076479247 -1.604418237016736e-07 3.7043945910752996e-08
52200.00131868295 5.592792082243028e-10 -0.1383225439474834 5.539373537505332e-07 -7.711446603497762e-08
52400.00132373538 6.079802060445669e-10 -0.22439670884677465 5.92737247187558e-07 -1.3528668352247308e-07
52600.0013287878 6.429686778972609e-10 -2.483944657419724 -5.088660498669961e-07 -3.9301916499034917e-07
52800.00133384023 2.2885259173636264e-10 -2.5708715696466617 -1.9258211894634947e-07 -1.236350929412211e-07
53000.00133889265 6.2433237757267e-10 -1.657544059937552 -5.4091517570631353e-08 -6.21984746929094e-07
53200.00134394508 5.032576333871974e-10 2.611674935233492 -4.3423517646912213e-07 2.5437778417014556e-07
53400.0013489975 3.2436876789613843e-10 1.3275188665977549 7.813552706237292e-08 3.148173073341809e-07
53600.00135404993 5.963178604080303e-10 1.3954834647235728 1.0400750274919268e-07 5.871775115018352e-07
53800.00135910235 3.9188955785164076e-10 3.1114400449552972 -3.9171142231231304e-07 1.1814701994516952e-08
54000.00136415478 5.352999579968351e-10 0.3286229834834681 5.066548041388064e-07 1.7276271147004252e-07
54200.0013692072 6.927091356925332e-10 -2.9177122904143458 -6.754213975335155e-07 -1.5379168516460595e-07
54400.00137425963 6.950104260069913e-10 -2.064128708273123 -3.2913159719871743e-07 -6.12137144750946e-07
54600.00137931205 7.134635456710791e-10 -2.7707596898954736 -6.649664388291843e-07 -2.585534107923948e-07
54800.00138436448 6.010631910922867e-10 -0.06026613788579289 5.999719884519639e-07 -3.6201833641946735e-08
55000.0013894169 3.155184867723251e-10 -0.08575552792781267 3.1435903444232416e-07 -2.702430312861992e-08
55200.00139446933 6.76200298325163e-10 2.420915211536027 -5.08069086468943e-07 4.4622040162867194e-07
55400.00139952175 5.891057629499734e-10 -2.456920069044253 -4.56336730569884e-07 -3.7256192542134414e-07
55600.00140457418 8.67170124552654e-10 0.45536708110864893 7.788051847867905e-07 3.813744997582802e-07
55800.0014096266 3.2626251854548305e-10 2.184567287745364 -1.8791228101333601e-07 2.6671371478048655e-07
56000.00141467903 1.3912979861819882e-10 -2.141888469429107 -7.520677997030489e-08 -1.1705144642437659e-07
56200.00141973145 2.680985753900377e-10 -1.184146421002594 1.010966899084309e-07 -2.483068775038788e-07
56400.00142478388 4.896120686738902e-10 2.5750852351556115 -4.1312513837654663e-07 2.6276909603772935e-07
56600.0014298363 2.962660305882555e-10 0.017908863026261133 2.962185215449331e-07 5.3055041471239406e-09
56800.00143488873 4.680423448506675e-10 -3.0434027922861464 -4.657879006664256e-07 -4.5883201349461444e-08
57000.00143994115 9.29934274355887e-10 0.3632398840605837 8.692566079160358e-07 3.3040990332633413e-07
57200.00144499358 6.564596884513441e-10 0.936455675015346 3.890485780200237e-07 5.28753748452182e-07
57400.001450046 1.016336480027828e-09 0.5691036407282155 8.56145936034558e-07 5.476805426951614e-07
57600.00145509843 3.785197141438572e-10 2.751226855305715 -3.5004364792867726e-07 1.4403686521280434e-07
57800.00146015085 5.903851617995259e-10 -1.3956620667791855 1.0286891452548907e-07 -5.8135413105731e-07
58000.00146520328 5.732522188022692e-10 1.0895778731319707 2.6533528965644315e-07 5.081488860803063e-07
58200.0014702557 2.7368113963196666e-10 -1.5476937624023845 6.322173728978697e-09 -2.736081071708085e-07
58400.00147530813 7.144382099480083e-10 -1.4665096000515847 7.437144394772943e-08 -7.105567142451363e-07
58600.00148036055 3.8617432538918094e-10 -2.0801188484669226 -1.8829314418766785e-07 -3.371591633660742e-07
58800.00148541298 9.096284005650479e-10 -1.358793045706011 1.9140287199626016e-07 -8.892630475321184e-07
59000.0014904654 2.142363436884435e-10 1.7687792733602492 -4.2138592337703784e-08 2.1005130323992205e-07
59200.00149551783 7.87489905716028e-10 -1.7201276196015263 -1.1716030756669937e-07 -7.787257629843225e-07
59400.00150057025 1.0706390002316822e-09 -0.12043960457945697 1.0628831991210674e-06 -1.2863581866362495e-07
59600.00150562268 2.9350691588791507e-10 -2.824186805302925 -2.788457337254968e-07 -9.160440195277175e-08
59800.0015106751 7.099641595397788e-10 -2.5885413076446544 -6.041267183176657e-07 -3.7293433208240856e-07
60000.00151572753 1.2289187873961007e-09 -2.302865068095603 -8.214213362833789e-07 -9.140614718461393e-07
60200.00152077995 6.627938332009834e-10 2.1996645312526404 -3.8987512296362326e-07 5.359972516938427e-07
60400.00152583238 5.635156569554204e-10 -0.4918983452216701 4.967040341252726e-07 -2.661484512778145e-07
60600.0015308848 6.888031647518607e-10 0.6326226620712548 5.555057032147204e-07 4.072630764850871e-07
60800.00153593723 2.3447065973464916e-10 -1.5026171991854314 1.5973623035403506e-08 -2.3392591486093295e-07
61000.00154098965 5.68167519889507e-10 2.8043198476341895 -5.361573268691799e-07 1.8801502998933017e-07
61200.00154604208 9.15957679509032e-10 -2.4585704601838603 -7.104798275259228e-07 -5.78097643422204e-07
61400.0015510945 1.0016447792660088e-09 2.1934399519147854 -5.841439273401861e-07 8.136756945997803e-07
61600.001556146926 4.0696372701702834e-10 0.9501737182096568 2.3666640841524256e-07 3.3107172370261395e-07
61800.00156119935 2.3363511826424716e-10 -1.8313847062861166 -6.019588061345615e-08 -2.2574725788704342e-07
62000.001566251776 1.2994297017294802e-09 -2.5553238734299706 -1.0824389694019665e-06 -7.189182340550104e-07
62200.0015713042 6.510768409200214e-10 -2.3097468928598937 -4.3850843411963325e-07 -4.812602268922106e-07
62400.001576356626 3.065229122714024e-10 3.042720064179187 -3.0502588077574444e-07 3.0257359506791204e-08
62600.00158140905 8.735265601498798e-10 1.579306903548232 -7.434125093297439e-09 8.734949256128388e-07
62800.00158646148 1.6329743348319642e-10 1.006494213684167 8.733575534991544e-08 1.3798013487331673e-07
63000.00159151391 2.9870554968381913e-10 -0.5399814486669703 2.562051921173314e-07 -1.5357052107756175e-07
63200.00159656633 2.8623258526187214e-10 2.720435312201215 -2.6122055463151383e-07 1.1701672830710663e-07
63400.00160161876 7.419441783543596e-10 1.4702438114381042 7.447869854182443e-08 7.381965099195753e-07
63600.00160667118 2.633056432517289e-10 0.30132091409433204 2.514424862209985e-07 7.814434010988691e-08
63800.00161172361 7.179795584013001e-10 2.664095873336255 -6.376721643497341e-07 3.2995281040726354e-07
64000.00161677603 2.4757352064255914e-10 -1.7931657585643606 -5.460019369962765e-08 -2.4147767385684915e-07
64200.00162182846 8.554781964469596e-10 2.204603859290884 -5.066287918076284e-07 6.893259112406014e-07
64400.00162688088 8.60807494634742e-10 -0.8562655768827172 5.640553159547146e-07 -6.502546757714001e-07
64600.00163193331 6.013663031047663e-10 1.0098253861306514 3.199320340874223e-07 5.092002789419681e-07
64800.00163698573 5.202334205805754e-10 2.9181073505129045 -5.072956977825172e-07 1.1529911925212133e-07
65000.00164203816 1.1013231053931304e-09 1.9034099468397216 -3.5959797856088827e-07 1.0409619956019966e-06
65200.00164709058 5.015403448939747e-10 2.8559518945784306 -4.812185828706461e-07 1.4132017922552365e-07
65400.00165214301 1.090744143150623e-09 -0.18595643475350968 1.0719395703850942e-06 -2.0166393643883396e-07
65600.00165719543 4.046852193848712e-10 0.9517561951921509 2.348200864865646e-07 3.2959012996602866e-07
65800.00166224786 4.627884827984766e-10 -0.6052722589308381 3.8057282070180776e-07 -2.633201624524517e-07
66000.00166730028 4.3806046492049165e-10 -2.736923411762221 -4.0267949158456773e-07 -1.7247086125937727e-07
66200.00167235271 6.88019691141917e-10 0.3943575868750525 6.35209762567257e-07 2.6434759869964353e-07
66400.00167740513 2.001822240307547e-10 2.2325196483527976 -1.2300744284265974e-07 1.5793065510916193e-07
66600.00168245756 6.462955086443801e-10 1.9029392951110944 -2.1073733191823152e-07 6.109727174186119e-07
66800.00168750998 9.45686606288344e-10 -1.3915720712478545 1.68584060156185e-07 -9.305388610769683e-07
67000.00169256241 8.415749637105287e-10 0.8096158129998642 5.804987539548279e-07 6.093189773848096e-07
67200.00169761483 1.3952899058950094e-09 -3.1136910507578386 -1.394746824923132e-06 -3.892577371544803e-08
67400.00170266726 3.2203474457497415e-10 0.36994478807213493 3.0024822772478643e-07 1.1643615616119263e-07
67600.00170771968 2.495640084395076e-10 0.06637051768228228 2.490145397660015e-07 1.6551534476327845e-08
67800.00171277211 1.0975788309154872e-10 -1.3972913532144215 1.894813461689182e-08 -1.0810994910404048e-07
68000.00171782453 9.553980707844285e-10 0.9767254174684831 5.347736444782925e-07 7.917086729536393e-07
68200.00172287696 5.506348964524357e-10 2.363964203446867 -3.923710838460437e-07 3.8632074983446785e-07
68400.00172792938 1.0253644177553167e-09 -0.5793964068303473 8.580180553829919e-07 -5.614064533254748e-07
68600.00173298181 5.505136332747975e-10 -2.3701437092262907 -3.946639146601427e-07 -3.83804188208714e-07
68800.00173803423 6.614253209937862e-10 0.9133865567895519 4.041762025064344e-07 5.235695298422272e-07
69000.00174308666 4.781526506818548e-10 0.6706344542049197 3.745979457736581e-07 2.9716382077271675e-07
69200.00174813908 1.6456732330273528e-10 0.12759173110725233 1.6322959039971607e-07 2.0940504219524314e-08
69400.00175319151 2.759223886287981e-10 0.34082814235509173 2.6005082720548245e-07 9.22319457474785e-08
69600.00175824393 3.7847431343377867e-10 0.4491805188629185 3.409308900748087e-07 1.643439506704425e-07
69800.00176329636 4.647357535024034e-10 -0.048027429649770415 4.6419986887702436e-07 -2.231148399367555e-08
70000.00176834878 4.111767110758528e-10 1.886632974877998 -1.2771635671260384e-07 3.908386111417528e-07
70200.0017734012 6.932109859812646e-10 -1.223248119901268 2.3610324717537878e-07 -6.517643191816802e-07
70400.00177845363 3.9175501699790037e-10 -0.15286646521880037 3.8718662742631693e-07 -5.965323868206696e-08
70600.00178350606 8.57662464132573e-10 -2.131309058573397 -4.5595098463468986e-07 -7.264252211980349e-07
70800.00178855848 2.7094953136638135e-10 -1.8228146414511524 -6.756371073723955e-08 -2.6239053629861786e-07
71000.0017936109 1.3295122843454155e-10 2.2855530277527074 -8.714071342286189e-08 1.0041177822550651e-07
71200.00179866333 4.3288789027430333e-10 -0.8613051318233583 2.820038760287247e-07 -3.284292000582667e-07
71400.00180371576 1.530652459314284e-10 -0.12503750956779258 1.5187026403129522e-07 -1.9089065328437016e-08
71600.00180876818 8.490792009021949e-10 0.8488497234032306 5.611113487180575e-07 6.372515545249868e-07
71800.0018138206 5.230302291961706e-10 -2.419957239424531 -3.9265257867349135e-07 -3.45520727473847e-07
72000.00181887303 8.890146696750583e-10 -0.391900577444693 8.21613855617187e-07 -3.395552313767425e-07
72200.00182392546 2.704215824557118e-10 -2.911979520361585 -2.633242379701528e-07 -6.154817588921446e-08
72400.00182897788 6.318126736212219e-10 -1.4354766384636544 8.523600525389696e-08 -6.260368023980334e-07
72600.0018340303 3.0221632477552767e-10 -1.5958748453937248 -7.578343286240852e-09 -3.021212929832373e-07
72800.00183908273 7.605582691410355e-10 -2.0516457216035406 -3.517828550680946e-07 -6.743127639596835e-07
73000.00184413516 4.823234984839753e-10 0.669521186384483 3.7819897713564643e-07 2.993350812774409e-07
73200.00184918758 4.5066315170501885e-10 1.6119228391357858 -1.8528979350840302e-08 4.502820818430564e-07
73400.00185424 1.577835688715774e-10 -1.777470789230694 -3.237817836065915e-08 -1.5442573675361615e-07
73600.00185929243 4.789712931636212e-10 -1.5838596308042272 -6.256769657930761e-09 -4.789304255403692e-07
73800.00186434486 2.6781382945723327e-10 3.117832330726401 -2.677382354709934e-07 6.362744331411818e-09
74000.00186939728 1.1159698978445603e-09 -2.9393544999463046 -1.0932258409646067e-06 -2.241563595850593e-07
74200.0018744497 2.0418061662623614e-10 0.15808483242956523 2.016346055677687e-07 3.214358479386448e-08
74400.00187950213 3.1228781671002676e-10 -1.6599137807286055 -2.779347207937377e-08 -3.1104855469088477e-07
74600.00188455456 7.752851025404285e-10 -0.3176064749166887 7.365096997835607e-07 -2.4211660898387777e-07
74800.00188960698 6.986743959906668e-10 2.574628134718707 -5.893564022363407e-07 3.7523984697251933e-07
75000.0018946594 1.3209275019566543e-09 2.7864012238405644 -1.2384751181260256e-06 4.5937876225199403e-07
75200.00189971183 8.861234578307731e-10 -0.6678707366959934 6.957328597678725e-07 -5.487900968104142e-07
75400.00190476426 3.7359994298351657e-10 -0.5363313837199444 3.211424286497788e-07 -1.909043161330004e-07
75600.00190981668 6.589869274499471e-10 3.0100099562338354 -6.532903019662584e-07 8.646127402922588e-08
75800.0019148691 6.108124312133544e-10 -1.3864526374194965 1.1196276306080222e-07 -6.004632926437381e-07
76000.00191992153 4.2746791623808216e-10 3.0915508734236035 -4.269327996686556e-07 2.1382328685426444e-08
76200.00192497396 7.326088020674197e-10 2.3651038642244044 -5.226273777081403e-07 5.133968065118566e-07
76400.00193002638 1.2493375341930272e-09 0.5081941472749598 1.0914520789384596e-06 6.079281484883126e-07
76600.0019350788 7.303369739169192e-10 -2.018271204471159 -3.1600980521240274e-07 -6.584298736234118e-07
76800.00194013123 5.21681448846907e-10 1.8046432083690267 -1.2088475920268849e-07 5.074824224182706e-07
77000.00194518366 2.0119880384210957e-10 1.64563896522433 -1.5044195333935306e-08 2.0063556727123455e-07
77200.00195023608 6.685910844326626e-10 0.6757758867592513 5.216493839110825e-07 4.182056413393198e-07
77400.0019552885 4.875910133910284e-11 -2.4039686601820582 -3.608507914698578e-08 -3.279202687167526e-08
77600.00196034093 5.923857986323168e-10 2.7383053168127334 -5.448621634984718e-07 2.3247829405992348e-07
77800.00196539336 1.1588276218409285e-09 -1.2779862102825101 3.3448848879569226e-07 -1.1095039017527952e-06
78000.00197044578 5.860607621237499e-10 1.6665274532482095 -5.6018602090368574e-08 5.833773505381501e-07
78200.0019754982 5.205702528973422e-10 3.045196496768787 -5.181534987741543e-07 5.010329240384692e-08
78400.00198055063 4.002532550054925e-10 1.445499824650589 5.001921565828127e-08 3.971155325688258e-07
78600.00198560306 4.990992123147656e-10 -1.345943447971078 1.1128063115428688e-07 -4.865353480099088e-07
78800.00199065548 4.316134495341772e-10 2.727872530602124 -3.9519891525952033e-07 1.7351653291974856e-07
79000.0019957079 9.544428092976233e-10 -1.972951188361207 -3.7357101112522884e-07 -8.782970886134223e-07
79200.00200076033 1.3481036681520158e-10 1.9556292775761084 -5.0608392809792235e-08 1.2495049250826895e-07
79400.00200581276 3.1812633356121577e-10 0.6260284720590176 2.577971529582612e-07 1.8640008592196722e-07
79600.00201086518 1.1282688490590222e-09 0.5045129093762626 9.876978654954627e-07 5.453838302083014e-07
79800.0020159176 8.583233462781267e-11 0.5406582549981253 7.359007414553531e-08 4.4177943081535886e-08
80000.00202097005 8.573311343031349e-10 -1.070532161586905 4.112251787979915e-07 -7.522702480944332e-07
80200.00202602247 8.857018590049549e-10 2.035149297752849 -3.96656599122025e-07 7.919162363645427e-07
80400.0020310749 1.690749836241646e-10 -2.8495869577993416 -1.6191777163498955e-07 -4.867222325177778e-08
80600.00203612732 6.677740259194673e-10 0.29219977809206216 6.394687718236369e-07 1.9235862225297495e-07
80800.00204117974 1.0312974035486281e-09 -2.7961216096977903 -9.703642718239536e-07 -3.4923847802570407e-07
81000.00204623217 2.148974718438318e-10 -1.70184709435198 -2.8081935998791607e-08 -2.13054754172326e-07
81200.0020512846 3.085287945990476e-10 -1.77534815194792 -6.267094465606249e-08 -3.0209662327251863e-07
81400.00205633702 3.6240048351822866e-10 0.42705839433833676 3.298526020101278e-07 1.501045349128205e-07
81600.00206138944 5.35453618967819e-10 -1.8286474260355505 -1.3654243113947473e-07 -5.177516224641465e-07
81800.00206644187 9.434244377864105e-10 1.396794404813675 1.6333056063189133e-07 9.291785607601355e-07
82000.0020714943 8.574469016006528e-10 2.802131200244968 -8.085159457493774e-07 2.855120917466536e-07
82200.00207654672 8.87923810703958e-10 -1.7308675513053458 -1.415248629399457e-07 -8.76572533670128e-07
82400.00208159914 1.0622438719185901e-09 -2.6846218821579577 -9.532504322562474e-07 -4.686956974753187e-07
82600.00208665157 4.697935776753489e-10 -0.2172495672282137 4.587506019504417e-07 -1.0126149729838829e-07
82800.002091704 5.329434861578531e-10 -0.037303123678837646 5.325727275851122e-07 -1.987584641316431e-08
83000.00209675642 6.261826793144257e-10 3.116557847471096 -6.259864622215616e-07 1.5674724518355276e-08
83200.00210180884 2.3116273863437856e-10 2.5231576882589875 -1.883483480291659e-07 1.3401907150711878e-07
83400.00210686127 1.0567130989751101e-09 0.7351006541034719 7.838309450391989e-07 7.086971307579404e-07
83600.0021119137 6.513580078714208e-10 1.913016519889733 -2.1858230725424477e-07 6.135870185830505e-07
83800.00211696612 1.9195269917734895e-10 -2.815301260856242 -1.8182481087425373e-07 -6.152704179474e-08
84000.00212201854 2.6552665623083395e-10 2.794956991770462 -2.4973340118084053e-07 9.020883273702651e-08
84200.00212707097 1.3875694002762906e-10 0.9107637320832295 8.507779114541592e-08 1.096141316603294e-07
84400.0021321234 6.578235766331449e-10 2.6226106453396687 -5.712043610328621e-07 3.262781572699325e-07
84600.00213717582 2.881865235490987e-10 -2.5307013147803548 -2.3606426546862735e-07 -1.6530316065965778e-07
84800.00214222824 6.80850895892792e-10 -1.2678963610321357 2.0309060744239105e-07 -6.498554820932867e-07
85000.00214728067 7.970701772893709e-10 1.2902808135796557 2.2066971439027583e-07 7.659149722227809e-07
85200.0021523331 2.656362517575306e-10 2.1919543129275305 -1.5459425017905204e-07 2.1601674948801275e-07
85400.00215738552 6.333092208380025e-10 1.5944788615504966 -1.4996965669311635e-08 6.331316294572176e-07
85600.00216243794 2.6547763898555054e-10 2.897446385838139 -2.576046472801963e-07 6.417337844455417e-08
85800.00216749037 1.3057938650270129e-09 1.0885076922018375 6.056376039564881e-07 1.1568494762137504e-06
86000.0021725428 1.6334326601227057e-10 -2.976776225052952 -1.6112971823467603e-07 -2.6799933827703626e-08
86200.00217759522 6.45241977795336e-10 -1.55222180960686 1.198436905269773e-08 -6.451306726606987e-07
86400.00218264764 8.763544911619242e-10 -0.2629435261418169 8.462333717096371e-07 -2.2778558950165007e-07
86600.00218770007 5.491219947533133e-10 -0.4339272702069864 4.982302358458313e-07 -2.3087138673050234e-07
86800.0021927525 4.0684738382755123e-10 -0.12876041480833494 4.034794297558264e-07 -5.224120491753581e-08
87000.00219780492 8.593265115387983e-10 2.497998351522448 -6.87413156175154e-07 5.156599714450927e-07
87200.00220285734 5.619437743410002e-10 0.3834609522667563 5.211327978038582e-07 2.1024131985347694e-07
87400.00220790977 4.2688291994432155e-10 0.3878368621772146 3.9517802463695517e-07 1.6144149461716495e-07
87600.0022129622 3.375205228355188e-10 1.4274196361984148 4.822694588124676e-08 3.3405727806190555e-07
87800.00221801462 2.7590808786209903e-10 -2.735967106004902 -2.535197302089287e-07 -1.0887157270156322e-07
88000.00222306704 3.8117539304268406e-10 -0.29058907463788036 3.651947145799639e-07 -1.0921309767653042e-07
88200.00222811947 8.196063051085176e-10 -0.7810626594770484 5.820563593328387e-07 -5.77031099624481e-07
88400.0022331719 4.441555554523126e-10 -0.7038592388072802 3.38602124450027e-07 -2.8744174845884984e-07
88600.00223822432 2.651123646283814e-10 2.481901580636408 -2.0948691303868117e-07 1.624801500010875e-07
88800.00224327674 3.847360007653774e-10 -1.843673254703108 -1.0368751734990411e-07 -3.7050059248366907e-07
89000.00224832917 7.215819064330047e-10 0.038991954159650004 7.21033439288199e-07 2.8128759654855173e-08
89200.0022533816 6.165416806368167e-10 -2.7597786500289723 -5.721446726392188e-07 -2.2972617946814822e-07
89400.00225843402 6.705859064571679e-10 -0.8310811293088688 4.5202691600909617e-07 -4.95335366335059e-07
89600.00226348644 7.781183947731209e-10 -2.589565438318138 -6.625391562042893e-07 -4.080564945940779e-07
89800.00226853887 4.1417641743250576e-10 -0.05234944110380214 4.1360902924836296e-07 -2.167200224834076e-08
90000.0022735913 5.065401300254948e-10 2.856750797063847 -4.861296546421201e-07 1.4234065548457409e-07
90200.00227864372 5.846340341574643e-10 -1.236062761620506 1.9206253143444485e-07 -5.521856009660375e-07
90400.00228369614 2.369082786843683e-10 -1.6208367257572012 -1.1850037839877814e-08 -2.366117264895884e-07
90600.00228874857 5.9293345070533e-10 2.4762020389877506 -4.6644633311387906e-07 3.66057229528316e-07
90800.002293801 5.869357139173609e-10 -2.54640488516139 -4.860081492807922e-07 -3.2907386876557254e-07
91000.00229885342 1.1420546333750073e-09 1.175402806429645 4.3988675568762403e-07 1.0539394801334367e-06
91200.00230390584 2.1427298117878008e-10 -1.1490224249679517 8.771897463955014e-08 -1.9549499213900035e-07
91400.00230895827 6.258534278947368e-10 -1.02469217434657 3.2504446623171646e-07 -5.348257736681461e-07
91600.0023140107 4.958161765636055e-10 2.3189675149084965 -3.373034968001676e-07 3.634006494057651e-07
91800.00231906312 6.143041570797685e-10 -2.3657863560759576 -4.385250907956717e-07 -4.301922153504556e-07
92000.00232411554 5.98541478540884e-10 1.260869566966853 1.825484990947146e-07 5.70024514395806e-07
92200.00232916797 9.122847141242136e-10 3.0142800367872358 -9.049013105499881e-07 1.158318513605483e-07
92400.0023342204 1.1106372631095797e-09 -0.543154387458893 9.507972722477831e-07 -5.740206244497781e-07
92600.00233927282 5.115853348122084e-10 -2.395520683940587 -3.7568817223831985e-07 -3.4724336139824175e-07
92800.00234432524 8.409408294534472e-10 1.6263719841788717 -4.671178466253423e-08 8.396424761858423e-07
93000.00234937767 3.280481079233468e-10 -1.2931511015695571 8.991530142665738e-08 -3.1548502291145475e-07
93200.0023544301 4.3425380686350476e-10 0.6575777049979927 3.4370105883585467e-07 2.6541656114598133e-07
93400.00235948252 3.9693127397438867e-10 -1.3680411653081557 7.99295802877964e-08 -3.888003323737621e-07
93600.00236453494 5.0945770212055334e-11 -3.0926068121827424 -5.0884657376570885e-08 -2.494623452253819e-09
93800.00236958737 1.8964441629502515e-10 0.6374772571405882 1.5239821016255206e-07 1.1287067896992298e-07
94000.0023746398 7.662499001538885e-10 1.9386337569953989 -2.7554221126990797e-07 7.149932861882924e-07
94200.00237969222 1.72012815197035e-10 -0.9331781084087455 1.023963618340673e-07 -1.3821502695132715e-07
94400.00238474464 3.5494514480433723e-10 -0.9175089111383758 2.1573572617228365e-07 -2.818583904606875e-07
94600.00238979707 3.0083357138729073e-10 0.3068385303662761 2.867826107699756e-07 9.086568017457886e-08
94800.00239484949 7.073165414025088e-10 -2.250697872801347 -4.447015561348522e-07 -5.500338314257114e-07
95000.00239990192 4.823731988931017e-10 -0.5736631848874416 4.0515420207665187e-07 -2.6178994547154666e-07
95200.00240495434 4.867602035937629e-10 -1.7084958177309755 -6.681501596439432e-08 -4.821527241904988e-07
95400.00241000677 1.2799379847693997e-09 1.9729142367750971 -5.00927014646102e-07 1.177842676614027e-06
95600.00241505919 3.040138387594402e-10 -2.0282586219229413 -1.34274632190845e-07 -2.7275398678527907e-07
95800.00242011162 5.077521050735477e-10 -0.4517982841479832 4.568060132381646e-07 -2.2167649058046912e-07
96000.00242516404 5.03425556127897e-10 -2.0208636560015023 -2.1900328628365884e-07 -4.532933389755911e-07
96200.00243021647 1.0296028247556206e-09 -2.468114853191104 -8.047965277535596e-07 -6.42171725989682e-07
96400.00243526889 3.3303433041205117e-10 0.4694235013633022 2.970097499055413e-07 1.5065548013282193e-07
96600.00244032132 1.8154335535515447e-10 1.278797446084084 5.226035337813073e-08 1.7385869359454187e-07
96800.00244537374 5.190951144489866e-10 0.7305293655559295 3.866330876567403e-07 3.463734882663827e-07
97000.00245042617 4.227405987397262e-10 -2.887599791320698 -4.0917774901672033e-07 -1.0622233066748255e-07
97200.00245547859 4.333257261565573e-10 1.9497788088013883 -1.6031983485209622e-07 4.02577614258548e-07
97400.00246053102 1.6588267642243245e-10 -2.52832074306075 -1.3565375400759194e-07 -9.547314470947921e-08
97600.00246558344 1.9898271485951815e-10 2.279680315830899 -1.295351655938859e-07 1.510455616277051e-07
97800.00247063587 3.1309594840519835e-10 2.8006218837431995 -2.950711656124483e-07 1.0469995287420986e-07
98000.00247568829 1.1622243662528778e-09 1.3908306144855314 2.0803332623220427e-07 1.1434542459970443e-06
98200.00248074072 1.053305179692425e-09 -1.1258877737881559 4.533165721687382e-07 -9.50765947520249e-07
98400.00248579314 3.6355806319876267e-10 -1.4645421579842897 3.855691321774657e-08 -3.6150771742793353e-07
98600.00249084557 5.714894456619595e-10 2.497446846684537 -4.5697039863235034e-07 3.431883466506469e-07
98800.00249589799 5.342039954854571e-10 -1.9142046737655198 -1.798656219520467e-07 -5.030131875333188e-07
99000.00250095042 9.485711233657743e-10 2.2816436145668533 -6.189199754924601e-07 7.18836031386727e-07
99200.00250600284 5.5397423281026e-10 1.8990772090134913 -1.7861026269105906e-07 5.24390908272776e-07
99400.00251105527 1.108648833349065e-09 0.19515132784673214 1.0876048337493671e-06 2.1498363028671363e-07
99600.00251610769 4.733492653893072e-10 0.054848735457663216 4.726374357444385e-07 2.5949593012580818e-08
99800.00252116012 8.840057634111729e-10 -1.8381446137927815 -2.3353209710474943e-07 -8.526012839340721e-07
100000.00252621254 2.980232238790775e-10 -3.775779420293042e-06 2.980232238769531e-07 -1.125269955489333e-12
